InputSize,Threads,task_clock_msec,context_switches,cpu_migrations,page_faults,cycles,instructions,branches,branch_misses,time_elapsed_sec,user_time_sec,sys_time_sec
1000,1,2611.49,18175,13,14963,3672451143,2945718894,384934783,36161018,1.156079688,2.140009,0.50365
1000,1,2568.16,17835,11,14785,3631724229,2904271003,376489356,35685836,1.148074385,2.145218,0.456429
1000,1,2607.89,18402,20,14857,3718371424,2997191078,395125837,36846353,1.145068489,2.171806,0.468228
1000,1,2574.21,18124,15,14892,3675924718,2954021150,386842327,36071873,1.140383689,2.165484,0.440852
1000,1,2633.96,34728,18,15912,4070405958,3167515691,424869736,35951188,1.192734113,2.215008,0.453069
1000,2,2745.32,9858,28,15642,4188064369,2963959835,398492263,40129142,0.835116498,2.465024,0.297869
1000,2,2727.03,9940,29,15573,4142245775,3020980361,406028321,42373209,0.837939762,2.444885,0.301602
1000,2,2902.93,10062,21,16116,4292365605,3075595110,418396682,42311302,0.843556335,2.616182,0.304513
1000,2,2868.03,10095,26,16881,4318155695,3148147434,432854725,42471639,0.82758382,2.526958,0.358988
1000,2,2789.46,9748,24,15697,4243968603,2848265901,376272350,37275215,0.854129144,2.499797,0.307542
1000,4,2947.9,6359,42,16615,4685864689,2914642697,394404134,36110020,0.597755454,2.74774,0.209642
1000,4,3571.93,5927,32,17157,5811825182,3132120456,426215889,40809965,0.719861319,3.364625,0.217853
1000,4,3297.68,7960,26,15707,5365283948,3053644296,409251154,39588893,0.672243811,3.060808,0.24801
1000,4,3732.54,6147,31,16967,5982656673,3164877948,431640680,41684557,0.737175369,3.503484,0.239606
1000,4,3157.08,5602,23,16024,4940404030,2924572628,388888375,37385359,0.626699181,2.952832,0.21331
1000,8,5475.77,6975,40,16670,9543452953,3192444996,436562458,39568234,0.70700116,5.277888,0.208192
1000,8,5624.69,5308,36,18519,9942624980,3428759072,484763362,44949601,0.737777587,5.407861,0.224492
1000,8,5497.36,5485,37,17146,9462145092,3252254827,457034472,43397785,0.711598565,5.279877,0.224761
1000,8,5264.68,5519,67,14757,9091397535,2970530334,399972100,39131581,0.705719077,5.047009,0.228181
1000,8,5230.89,6005,48,17077,9089310796,3340356561,463859126,45181930,0.670019471,4.9908,0.24964
1000,16,8587.13,7657,58,18241,15998744344,3357211772,475527595,35853341,0.686050288,8.349943,0.246677
1000,16,6822.09,7080,62,17199,12613468226,3345312185,464328522,31610365,0.563965329,6.585054,0.244923
1000,16,7431.0,6664,58,18460,13734391169,3322206286,460853343,30904238,0.612258239,7.20067,0.239887
1000,16,7076.82,7059,55,17531,13172768142,3356799982,473187883,33548945,0.592291524,6.835601,0.247933
1000,16,8296.03,7402,75,17830,15243568277,3492940660,491365132,36371021,0.658067936,8.04681,0.258411
1000,32,12677.39,7755,890,20765,24863867885,3705638411,538666177,25741042,0.632787877,12.353037,0.313696
1000,32,11845.86,7974,1037,19566,23161310863,3648125974,529257686,25957744,0.598229341,11.492542,0.343329
1000,32,12662.41,8316,1129,18628,24767921750,3773320979,543233152,25876351,0.625865197,12.38673,0.259798
1000,32,11921.33,8156,1040,18816,23297963376,3676645298,524365546,26143237,0.607325066,11.603981,0.301739
1000,32,13310.31,7775,923,20376,26132627125,3924959584,574391476,28079462,0.652882156,13.006373,0.291172
1000,64,16702.46,12658,1577,23712,32901013375,4473863189,680351481,30327394,0.787287573,16.299671,0.390944
1000,64,12893.53,10649,1681,22505,25296398252,4258966329,644903714,30438223,0.6579418,12.538703,0.342462
1000,64,15769.36,10926,1297,23194,31076308358,4201735202,633679992,28655562,0.738073742,15.417602,0.342368
1000,64,16569.18,14770,1257,22445,32597734961,4671948627,716726779,29364437,0.773074438,16.151868,0.409452
1000,64,14181.28,12449,1415,22302,27785088981,4230525609,638197045,28806594,0.702562877,13.813105,0.357614
1000,128,15110.38,9911,1296,24978,29705101687,4544920822,696591463,31501110,0.761636545,14.723242,0.382291
1000,128,15043.37,12255,1584,23253,29538127653,4261483275,637675592,29739805,0.72192637,14.664486,0.360282
1000,128,15786.59,12702,1607,23182,31068559640,4272284151,648054856,31147411,0.780643217,15.406552,0.371061
1000,128,17000.45,11810,1612,24311,33533880267,4438256472,681494801,30665254,0.784403413,16.594836,0.390959
1000,128,15816.49,12916,1781,24027,31127889581,4325787109,654795565,28933957,0.751720671,15.478817,0.320638
2000,1,6106.69,58643,30,24089,8436835572,6382209857,547861245,41878089,3.211411303,4.804294,1.412428
2000,1,6078.74,57145,29,27062,8441817102,6459242303,561987275,41751794,3.184851195,4.780784,1.41146
2000,1,5778.04,65187,25,23117,8353966082,6341755533,538121686,40732846,3.179806884,4.616708,1.259938
2000,1,5966.67,54734,17,23432,8440042632,6275951346,529650272,40817163,3.225589973,4.790856,1.287697
2000,1,5646.2,67626,14,24438,8426411556,6439169077,557621570,41263765,3.133694072,4.670869,1.063329
2000,2,5546.92,27946,17,22882,8653601909,6076340010,498725818,41319510,1.86950281,4.852225,0.749752
2000,2,5446.75,28125,25,21923,8581411033,6017570381,486833333,40046672,1.850422385,4.753425,0.744463
2000,2,5446.29,31630,21,22071,8567729066,5981936816,479361285,38644170,1.860877279,4.688196,0.815338
2000,2,5574.55,30998,21,22505,8666186011,6115276518,505429987,41522683,1.84836491,4.879589,0.750317
2000,2,5469.3,37921,23,22648,8726546683,6144269129,510442796,41621917,1.848327241,4.823308,0.698123
2000,4,5928.92,15644,35,21678,9728003357,6389808828,541506123,47586897,1.188307537,5.520779,0.43712
2000,4,5583.6,16128,28,20266,9212323121,6035294452,492575853,42596934,1.142747257,5.16876,0.444072
2000,4,6133.31,15910,22,20878,10102910972,6338449011,530970064,48492309,1.245339293,5.712907,0.451232
2000,4,5800.39,16215,34,20655,9590756953,6213525813,505986747,45209607,1.188940674,5.383902,0.444209
2000,4,5406.15,22408,35,20892,9569255343,6206083942,527721900,44984206,1.133942576,5.069525,0.360102
2000,8,7416.3,9878,35,21806,13040752725,6663744591,593818155,51797265,0.91560708,7.125626,0.305978
2000,8,6982.78,11507,35,20959,12252022122,6271915131,538990542,47084822,0.889467008,6.67768,0.3211
2000,8,7525.78,16217,42,21039,13541832557,6418426966,567379459,46980317,0.946927469,7.24202,0.301123
2000,8,6602.46,10465,44,21888,11427703981,6416251188,570103675,43772683,0.835137494,6.26641,0.352529
2000,8,7878.93,10266,31,22052,13614880510,6575044897,573331809,49079471,0.96553518,7.512788,0.388661
2000,16,8878.9,11733,59,22081,16514208462,6460288089,573201319,34039385,0.692955467,8.57957,0.317429
2000,16,8883.13,11479,58,22133,16794028382,6446378201,572805930,33283291,0.69067461,8.576247,0.319493
2000,16,9601.72,11243,61,21980,17970993972,6591128801,578511624,34971662,0.741963732,9.320791,0.295595
2000,16,9311.01,11661,58,22105,17476632140,6693262405,617788423,38911992,0.721402498,8.98119,0.347278
2000,16,8978.4,11117,52,21227,17121244513,6381042492,538044656,31895268,0.702893604,8.722893,0.266294
2000,32,15303.66,11257,1131,26593,30163422629,7049268023,689890716,30143592,0.742453463,14.964718,0.325189
2000,32,14739.35,11857,1092,24496,29013394919,7222864537,696120822,30496655,0.740740688,14.321578,0.40399
2000,32,16338.58,10896,1104,25354,32094617524,7268383455,728448820,30269239,0.768607723,15.956655,0.367632
2000,32,14032.15,9722,919,25302,27407563410,7252406867,697161816,28519351,0.679879047,13.702052,0.31335
2000,32,14542.91,11218,1110,24606,28592604889,7020240130,679149707,29537654,0.7350808,14.176974,0.350964
2000,64,20106.02,15438,1532,26639,39628726102,7538648640,778472030,31640536,0.909709623,19.706352,0.388218
2000,64,21652.82,16199,1580,29614,42738892590,8279591803,879005077,32946063,0.973213744,21.223392,0.416615
2000,64,21774.61,17126,1662,26731,43000186664,8055401188,870954507,32661900,0.971505826,21.304221,0.456311
2000,64,19306.78,13850,1446,27716,38034139161,7411884558,749680516,30942126,0.887955866,18.932357,0.360873
2000,64,14725.06,14433,1444,25908,28926574815,7267290168,700750363,30584552,0.762899131,14.37388,0.337654
2000,128,24100.1,17914,1564,29713,47634384415,8068950937,880292192,34055314,1.031481839,23.710401,0.375402
2000,128,22679.73,25428,1715,26373,44695264890,7614796672,787329525,32206191,1.003058003,22.211149,0.454103
2000,128,23611.57,17244,1754,32710,46449650933,8512672278,944965504,34797411,1.047764631,23.067548,0.533984
2000,128,18704.98,18991,1638,29475,36805603880,7835225121,812555387,34706065,0.889913816,18.243227,0.45013
2000,128,23442.49,21332,1690,27977,46294698393,7700191135,800286930,31251104,0.99280998,22.990103,0.440947
3000,1,10966.69,120148,27,30986,15614357555,11875504915,771524995,49315421,6.340547568,8.541041,2.620233
3000,1,10733.9,119791,18,28481,15238035640,11669443775,725706129,44262551,6.241260125,8.362927,2.568957
3000,1,10745.46,119140,28,28778,15258362779,11704771196,734084979,45610047,6.254951619,8.34154,2.600925
3000,1,10853.88,120264,24,28800,15542099258,11828168343,762098134,48777343,6.330041938,8.559727,2.485615
3000,1,10740.82,118876,19,28767,15223101388,11675653190,728643760,45334635,6.245086561,8.270206,2.668473
3000,2,9390.07,60532,28,28703,14996005627,11247380403,659630614,49950482,3.355918369,8.134185,1.360638
3000,2,9058.27,60544,38,27901,14623614626,11035465853,619098399,39900397,3.312293248,7.771561,1.388687
3000,2,9353.93,60214,19,28411,15285022715,11173073533,648202200,46132309,3.409790923,8.101229,1.352238
3000,2,9639.54,60056,25,27475,15325011340,11164629578,644963974,46901967,3.445913917,8.367742,1.381419
3000,2,9523.05,59996,23,28376,15210358337,11153059302,643853898,45480733,3.403074425,8.230359,1.399617
3000,4,9390.2,30414,29,27054,15910984600,10962973408,611507679,47956922,1.971958001,8.657721,0.788713
3000,4,9308.36,30702,22,26539,16077931377,11020246016,621925784,49253563,1.983801754,8.647624,0.71173
3000,4,9539.17,30204,24,27128,16251457852,11353430501,637350603,51839355,1.992937106,8.818564,0.770846
3000,4,9248.72,30712,39,26548,15799597748,11193245949,606362009,48747004,1.976045942,8.595417,0.697415
3000,4,9087.96,32118,33,27436,15770375454,11246757444,616083006,46802300,1.928900039,8.419833,0.718741
3000,8,10776.47,17551,33,28538,19403228841,11074860347,632374285,51021501,1.351084415,10.335734,0.464245
3000,8,10611.42,25815,38,26542,19456085465,10936407071,601911142,47358830,1.343582103,10.187792,0.451804
3000,8,9730.09,16084,41,25252,17344955105,11442866621,658112698,49406104,1.201833147,9.29256,0.46738
3000,8,9532.47,15826,51,24954,17151724066,11180442608,604981702,45727237,1.203051078,9.081223,0.47902
3000,8,10344.65,16691,46,27850,18714985017,11193674939,655590796,51033961,1.303592796,9.884797,0.486533
3000,16,14331.73,20568,52,25104,26669337267,11359039821,683587718,39724722,1.028693889,13.974449,0.379351
3000,16,12264.14,19393,72,23175,23368944517,29571231278,3618756572,27482937,0.919808852,11.838629,0.453717
3000,16,13055.77,19477,64,24465,24829110344,11024672972,622306106,33385825,0.976866475,12.690647,0.38812
3000,16,12233.34,20207,92,25474,23142276298,11089252478,635255542,34345041,0.915889376,11.852954,0.400975
3000,16,11991.88,19833,71,26139,22833249858,11156410901,647895602,35568206,0.893137388,11.623877,0.388694
3000,32,18972.37,12399,859,25559,37352947112,11526319053,712476611,27573539,0.840372993,18.624071,0.331072
3000,32,19775.38,13561,1079,27649,38962310297,11793587770,768978930,29279163,0.870731724,19.36748,0.39338
3000,32,19487.14,12090,1112,30358,38348408734,12344404442,877729240,31376685,0.849483974,19.040236,0.432392
3000,32,18291.12,13796,1123,27710,36008736094,11749960764,762681534,29772818,0.821949625,17.902085,0.376843
3000,32,21422.17,13059,1042,28103,42233726880,12050750116,816404146,29937640,0.91990383,21.000859,0.409753
3000,64,21009.5,16532,1366,29053,41463178345,12368704571,819073100,29471126,0.90231227,20.609723,0.386275
3000,64,22608.2,16659,1372,27019,44680356640,11889861103,732335716,26890148,0.964228414,22.204296,0.390128
3000,64,22170.56,20903,1417,28311,43931288234,11937695066,790627340,29817075,0.952060422,21.747074,0.410944
3000,64,25834.88,25239,1464,28643,51062393915,12730538783,894776629,30205252,1.06185286,25.301367,0.519002
3000,64,21770.73,21547,1480,27848,42897792896,12286111989,851650424,31243568,0.937844487,21.235161,0.520077
3000,128,23317.23,21024,1588,30593,45859469799,12134686505,827140981,31209143,1.056407488,22.836183,0.468233
3000,128,26834.54,20158,1951,34697,52717229797,12933927295,981836324,36015204,1.210204771,26.324507,0.499185
3000,128,30378.9,27631,1680,30834,59722514953,12684403555,937350708,32526306,1.342317215,29.870981,0.498402
3000,128,26697.59,21490,1705,30403,52714344193,12717637339,935592437,32523259,1.147879823,26.144596,0.539456
3000,128,30039.65,47884,1688,32094,59160842503,13383265395,1022154580,34222078,1.269312911,29.379059,0.647342
4000,1,16306.31,161371,54,35949,24296495011,18718400051,914017683,49231882,10.483142405,13.115295,3.449997
4000,1,16074.58,160959,52,34242,23989847022,19241483701,932354597,50983426,10.28419857,12.934782,3.406598
4000,1,15809.06,161212,39,34002,23897330085,19191521350,922709211,50013939,10.231292246,12.783204,3.276402
4000,1,15705.04,161419,61,36795,24147708396,19389145448,961431472,51343925,10.304738187,12.832994,3.114338
4000,1,16351.17,161114,28,36170,24322186084,19181756377,920384762,47831030,10.456429464,13.138437,3.519498
4000,2,13798.55,83005,29,32768,23553705259,17593366030,719520718,41546184,5.477296844,12.382099,1.553105
4000,2,13388.07,81459,31,33437,22466943816,18233084503,753816340,39409151,5.210649651,11.745684,1.771496
4000,2,14573.21,81061,29,32138,23857583792,17802058035,760410976,47954666,5.532878203,12.818024,1.901886
4000,2,14411.4,81024,44,32778,23842649433,17843518555,768417595,47163298,5.510385662,12.686756,1.864449
4000,2,14536.7,81141,39,32441,23973509503,17761542420,753192088,45973366,5.552860557,12.848609,1.826979
4000,4,14064.19,41212,28,32134,24573275695,17510608042,710173417,48503578,3.057796103,13.09694,1.040462
4000,4,13969.04,41265,50,32208,24173664623,18082280897,731817246,51169348,3.008763108,12.982911,1.061844
4000,4,13771.66,44202,42,32695,24238470877,18151863939,744918392,51893024,3.020380366,12.832339,1.011569
4000,4,13950.07,41353,34,32144,24356713661,17488838031,707326263,47497197,3.024974472,12.966849,1.056319
4000,4,13986.13,42131,29,32925,24388293530,17655865309,739555607,49571617,3.031301248,13.038896,1.017483
4000,8,15431.9,23725,26,31405,27907345319,17663599163,742816296,54461952,1.875064449,14.782123,0.692504
4000,8,15031.1,23594,43,31093,27451206778,17772756441,762954612,56139623,1.864945814,14.395937,0.674747
4000,8,15133.27,24897,37,31225,27395881889,17793628356,764840268,57326761,1.847910048,14.541591,0.631719
4000,8,14361.98,25613,48,31194,26312132161,17586959206,727691741,47108433,1.78240361,13.737927,0.663085
4000,8,14991.21,28949,34,31726,27436503143,18209195923,757531135,54730899,1.840663338,14.444876,0.583044
4000,16,16391.63,28506,56,30057,31638282848,18145932881,743703408,34427530,1.172914135,15.905334,0.515539
4000,16,15966.26,30496,57,28757,30549888358,17607336936,728959189,35474982,1.130806265,15.497985,0.499097
4000,16,16005.22,29622,67,29787,30438741214,17748214106,757518589,37565103,1.15114099,15.507332,0.535398
4000,16,15899.72,26312,76,27774,30469171522,17941010806,703085531,36553504,1.149276006,15.437946,0.490506
4000,16,16587.02,28438,58,29333,31844877479,18089790915,732656215,35440956,1.182708356,16.108647,0.511752
4000,32,23310.37,17984,991,28728,45956097939,18013675818,802733475,28506996,0.975967614,22.892693,0.406396
4000,32,22888.92,17606,764,28291,45217328311,17837403811,772399785,27221822,0.968553362,22.474101,0.400804
4000,32,24164.4,15206,903,29691,47735335019,18826306013,875424236,30677908,1.015136835,23.785965,0.365063
4000,32,25884.78,18216,886,29642,51189177112,18297789849,858525107,28891295,1.061814158,25.482738,0.388912
4000,32,21545.71,17051,866,29689,42383075739,18206361971,843208788,29831336,0.924978484,21.080611,0.452958
4000,64,23938.43,17766,1436,29763,47189521765,18003376613,800760485,26629999,1.000519475,23.506503,0.417575
4000,64,27006.23,21198,1720,31321,53417391666,18490503381,896040335,30314126,1.103568073,26.580307,0.412734
4000,64,29798.44,19765,1569,32688,58982730205,19691117967,1043566764,32667972,1.186247978,29.354568,0.425763
4000,64,28547.37,18613,1392,35264,56484465769,19149775047,1024097026,33503264,1.147888165,28.108933,0.423943
4000,64,29258.79,24628,1702,32656,57918726841,18924384901,975593644,31555470,1.175081402,28.750315,0.492976
4000,128,33217.12,68793,1927,34878,65741303060,19972479336,1171604029,34546822,1.358497345,32.365072,0.835053
4000,128,38694.32,38649,1742,35835,76292454231,19720869453,1120956083,34961028,1.620776809,38.027551,0.659818
4000,128,29162.68,25102,1629,33560,57223488286,18841164896,957362918,30436769,1.282400127,28.724389,0.426495
4000,128,26600.66,19590,1811,34347,52621723994,18789439097,947450772,31330469,1.120145994,26.143222,0.442155
4000,128,35385.77,35756,1768,36479,70088840955,20571774212,1273843842,34824008,1.378224759,34.895458,0.470829
5000,1,22010.91,201540,54,41814,34781528602,28176587871,1104016251,50172407,15.392767539,18.164548,4.169582
5000,1,22534.6,201345,44,44006,34981744102,28296560587,1128565853,53513234,15.485507947,18.609823,4.273329
5000,1,21899.26,201572,34,40914,34789584000,28184868953,1107679873,51990009,15.436747683,18.201157,4.006716
5000,1,22837.0,201611,41,41621,35791750107,27492450607,1112842341,52041496,15.971815769,18.882948,4.299875
5000,1,22809.32,201442,51,42634,35769354230,27474836278,1110573999,51430749,15.965625008,18.79855,4.34779
5000,2,19946.46,111236,37,38671,34956202911,26627232651,962792264,52153877,8.146601812,18.143423,1.975764
5000,2,19795.49,101549,29,37539,33834935729,27150591598,927250968,49442344,7.937757684,17.790589,2.177053
5000,2,20344.75,102075,44,37583,34803764740,26248326363,894621763,45398635,8.204012083,18.256473,2.271735
5000,2,20416.59,101802,19,37405,34748263591,26303560090,904793809,46718008,8.188016106,18.31499,2.296089
5000,2,20333.28,101621,25,38183,34788877361,26344152084,912780637,47074888,8.170720235,18.21899,2.302289
5000,4,19324.98,53222,22,36930,34723302200,26022443422,857671413,50062954,4.328760687,18.141868,1.267936
5000,4,18689.22,52544,31,35777,33782723406,26694635100,847319155,48199808,4.18700192,17.520571,1.263333
5000,4,19790.8,52211,33,36247,35485987626,26146666017,884050277,52922859,4.394537294,18.586517,1.301568
5000,4,19656.05,53046,32,35468,35359590281,26134197095,879240206,53977971,4.394159999,18.498698,1.263497
5000,4,19101.04,52194,30,35739,34265785937,26861382204,878923371,53553762,4.245465961,17.936635,1.253922
5000,8,20493.05,32604,41,35896,37825092468,25985921052,851797105,54932550,2.523955701,19.740424,0.807681
5000,8,19902.6,31171,61,36574,36993902100,25892976729,836257112,46984123,2.486641727,19.171575,0.78699
5000,8,20863.5,30631,48,36120,38420900348,25861065849,828583119,53603592,2.558156585,20.091392,0.828231
5000,8,19283.62,34336,38,36866,36045176791,26651428751,840183659,48847720,2.403549496,18.551198,0.78764
5000,8,20660.95,30980,43,36241,38092082454,26046605040,862009990,57568171,2.548519042,19.879053,0.840369
5000,16,21696.0,37942,94,36390,41720522515,26828117210,871671618,35369450,1.509805426,21.044507,0.691542
5000,16,21834.92,38488,74,36258,42079372367,26786086422,863281391,34953388,1.509308782,21.243583,0.636545
5000,16,21770.63,27006,71,35385,41505491683,26049181975,864101505,38998344,1.522596459,21.138662,0.672612
5000,16,22130.92,39512,57,36794,42773324442,26896813130,884046391,38921132,1.53343926,21.532828,0.640631
5000,16,21260.05,33607,72,38343,40832657802,26975477261,901442856,40686055,1.477391337,20.653928,0.642106
5000,32,29608.18,24143,887,33087,58626455114,26419426351,930203425,28374079,1.188929221,29.095236,0.497756
5000,32,29279.05,25186,968,33012,57716660414,26421227507,929628571,29103587,1.177509096,28.767527,0.495475
5000,32,29356.67,24355,1038,33146,58159129104,26525554938,951386358,29170270,1.167793778,28.854444,0.488191
5000,32,29018.77,24154,971,32776,57366502536,26408432200,929111256,29324582,1.177037202,28.493852,0.509553
5000,32,29733.92,25368,1248,33236,58753124615,26574597487,962175053,30141623,1.201160286,29.244202,0.472552
5000,64,32339.6,19332,1865,36073,63935487168,27525658767,1097718525,32949329,1.286291845,31.827507,0.494754
5000,64,34634.07,19486,1558,38197,68616326934,27504233969,1142879532,33165274,1.358611185,34.116759,0.504257
5000,64,31504.04,21330,1581,39873,62387477004,27525073828,1146562382,33982413,1.258533766,30.984157,0.506018
5000,64,32874.73,22575,1763,38811,65081323222,28127306431,1239969939,35394081,1.299365532,32.299356,0.56258
5000,64,34028.49,21951,1531,35155,67341571534,26824517721,1002716275,30454718,1.328687982,33.511493,0.504624
5000,128,41273.68,50160,2113,40994,81316991276,28308372955,1290113203,37479969,2.066515471,40.472351,0.799967
5000,128,34495.51,33648,2185,42323,68151721833,28291682773,1289414056,38382941,1.517368529,33.826445,0.65858
5000,128,34959.52,23990,1861,42825,69020104323,28664394606,1232677441,37408613,1.492649739,34.371459,0.572874
5000,128,39536.58,31128,1716,41008,78314344042,28111267798,1249496571,34991038,1.503951228,38.960821,0.562228
5000,128,34680.73,26268,2054,40456,68672389703,27742652438,1182527640,34041506,1.348179356,34.132618,0.535873
6000,1,30268.62,241541,50,45733,48593431609,39095503779,1315880104,54528574,22.148753859,25.447788,5.279182
6000,1,30205.42,241554,79,47636,48481217160,39090493590,1316138070,53948488,22.077063839,25.525216,5.182717
6000,1,29997.98,241541,42,46506,48130074856,39250905992,1347294975,56889791,21.838970696,25.444403,4.961366
6000,1,30357.49,241744,44,46610,48823450525,39296652873,1355661893,56374174,22.106742671,25.551469,5.268281
6000,1,30259.46,241654,45,46966,48745248302,39171470150,1332131259,55297204,22.145135111,25.424925,5.343747
6000,2,27608.5,127908,51,45541,48068958522,36919788242,1122326349,54569943,11.461732378,25.050058,2.795729
6000,2,26857.89,123630,21,44119,46780362574,37782004345,1083140976,46038858,11.085335571,24.461667,2.628825
6000,2,26718.57,124524,46,44603,46589713918,37936706490,1113229226,52834062,11.096770141,24.126145,2.826769
6000,2,27697.8,124517,48,49752,49023793237,37516694200,1248209129,56870370,11.514797915,25.311011,2.587051
6000,2,27749.32,132202,38,44441,48186588588,36913988107,1122002044,50950289,11.446633572,25.078322,2.912098
6000,4,26482.9,65357,29,42338,48351824861,36401655404,1033198300,53967656,5.997416217,25.078445,1.524748
6000,4,25902.93,68149,45,40523,47160701694,37549506405,1049942586,56014224,5.860173383,24.515371,1.501537
6000,4,25715.46,64811,36,41081,46897118973,37349535031,1011729671,51004251,5.819349491,24.260524,1.578361
6000,4,26691.3,65761,205,43568,48735086187,36440380539,1041123242,53442023,6.053710594,25.319521,1.487013
6000,4,25713.58,66031,37,41422,46938091081,37350122678,1011819063,50777390,5.834302837,24.264922,1.572857
6000,8,26283.87,43166,246,42623,49293133776,36165599548,990221924,48827106,3.250162847,25.255119,1.100403
6000,8,27237.98,44819,166,43661,50929497439,36306308571,1017416044,51951881,3.337505683,26.193771,1.120884
6000,8,27327.46,44804,232,42670,51046881877,36305699321,1015533475,52778881,3.364395419,26.290229,1.105659
6000,8,27582.19,46262,227,43823,51508744959,36484281925,1051348738,57427065,3.373952842,26.571903,1.084321
6000,8,26959.03,41077,224,43991,50212689629,36187498133,995138520,51526393,3.331197623,25.939904,1.098961
6000,16,27948.43,49683,171,44308,54308162619,37652127513,1069034799,39943391,1.882120446,27.170234,0.829342
6000,16,27786.05,49033,223,42057,54182922746,37467236212,1033481260,38103798,1.885890489,27.015944,0.817393
6000,16,27767.44,51095,197,44357,53856522852,37681961556,1074111619,40403182,1.882072474,27.044335,0.772609
6000,16,28634.21,50111,154,42563,55610511081,36407031099,1033455651,39564452,1.937196136,27.874435,0.813046
6000,16,28721.0,47253,203,43237,55334043202,37695311158,1078157643,40729094,1.932113999,27.898499,0.873142
6000,32,34507.27,28752,1044,46600,68285555191,38062727526,1291994899,36984014,1.359365264,33.921917,0.574117
6000,32,35022.06,31229,1040,43571,69219316720,36929664112,1137065875,31918539,1.352982121,34.46104,0.544711
6000,32,35135.87,32395,1000,44279,69596946732,38051648668,1147801388,32313847,1.372605227,34.601168,0.516435
6000,32,34672.18,34283,930,44155,68753980467,37335364374,1214065439,33482381,1.359033256,34.047085,0.608287
6000,32,36858.99,32533,1217,49531,73016379038,37738640925,1296474101,36100205,1.443604185,36.256029,0.589707
6000,64,39117.31,20492,1777,39786,77511213369,38070737691,1249413963,35217968,1.510036753,38.595769,0.50514
6000,64,36640.52,19743,2024,38138,72695828186,39143713478,1225738685,33479861,1.437878703,36.236148,0.388427
6000,64,39445.8,21642,1862,37798,78259548668,36907466763,1124921667,33404360,1.520588588,38.953608,0.480415
6000,64,40883.52,22764,1847,38219,81037225125,38542611889,1244318738,33445761,1.552596867,40.398338,0.468073
6000,64,37048.01,27239,1805,41328,73370584389,38584035981,1352138984,37190422,1.433734674,36.3869,0.645826
6000,128,44439.15,32777,1960,43230,88031612921,38676561545,1465072922,37504247,1.772154266,43.768088,0.660616
6000,128,44864.5,30520,1950,44775,88969645194,38628493712,1466075592,39089584,1.694205251,44.224878,0.622561
6000,128,41901.18,32269,1832,43187,82989345031,38807111138,1391422962,39080137,1.715160938,41.265233,0.623411
6000,128,39760.04,25036,1989,42609,78814376549,38249992728,1354452488,37042919,1.511627418,39.252011,0.490274
6000,128,42353.13,29933,1717,47127,83627189048,40477781545,1500770254,43787480,1.834066717,41.789676,0.557035
7000,1,38870.65,282548,315,52431,64137355813,52110143607,1589994815,59394778,29.538606916,33.38102,6.01988
7000,1,38806.6,282572,182,54781,63989578193,52214633952,1608376251,59662355,29.229327244,33.661193,5.61529
7000,1,38484.78,282209,251,52065,63521496609,52071137728,1582119965,57571956,29.246294273,33.129794,5.833702
7000,1,38697.48,282346,222,55393,63541522628,52112105430,1590540165,59289907,29.260834688,33.254123,5.928998
7000,1,38805.09,282616,180,55953,64016819577,52149148999,1598348146,59374823,29.436536169,33.392764,5.902637
7000,2,36518.93,148623,160,57971,64693858764,49872854749,1469273467,62251547,15.351136269,33.513783,3.281522
7000,2,36587.28,148668,243,54408,65387712399,50266588886,1360779373,56651554,15.625759208,33.750179,3.091049
7000,2,35842.53,148260,192,52109,63788497532,49020148636,1299228129,51123116,15.307411728,32.865789,3.247013
7000,2,34239.11,147257,189,49929,60464849437,51248252708,1385511424,59581760,14.412475373,31.230038,3.317602
7000,2,34935.27,146306,158,51915,62013233284,50582313406,1318591090,52543023,14.823576002,31.945463,3.256085
7000,4,33502.87,77467,171,48659,61825424208,50088901656,1239144432,53047694,7.655953278,31.820582,1.824482
7000,4,33874.12,77324,209,50698,62442747131,50097025792,1234914209,51389010,7.738140262,32.227639,1.783717
7000,4,34585.47,79860,175,53528,64334473032,48922555204,1293729264,59991647,7.957516558,32.929495,1.792792
7000,4,33412.34,80819,241,48623,62285902640,50119539205,1243066029,55920478,7.720215755,31.831151,1.718781
7000,4,34340.1,81109,148,49312,64038880477,48748325939,1260667513,55422438,7.920297667,32.714338,1.768288
7000,8,35451.57,53135,258,49639,66718282462,48350926583,1180989382,51956489,4.35706623,34.150011,1.390892
7000,8,35461.07,54719,156,50393,66626560589,48472766253,1206783048,54526045,4.329182382,34.167652,1.385568
7000,8,35065.01,54525,157,47890,65946642705,48614912434,1236941195,58046120,4.284623848,33.838547,1.315034
7000,8,34949.36,49403,180,47843,65637310034,48602970306,1233660914,58959680,4.254521757,33.793972,1.238313
7000,8,35109.31,54671,116,53653,65637175039,50634068721,1348174153,63493165,4.211024406,33.785826,1.420974
7000,16,35498.61,59631,209,51055,69044761205,50359358421,1290811543,45438743,2.346858992,34.645824,0.908568
7000,16,37572.06,64189,198,57890,73386593362,50322308111,1575486041,58008826,2.444674246,36.691193,0.947354
7000,16,37274.8,61739,187,55211,72711420713,49212361466,1350762010,42896982,2.481941451,36.346967,0.988261
7000,16,37754.68,53190,207,59443,73199822494,49885688699,1488361488,57272129,2.484239386,36.75298,1.071702
7000,16,35204.79,52008,195,52568,67938606551,50157190246,1246802410,42133066,2.36270571,34.263094,1.006383
7000,32,42246.91,43240,1030,54864,83656742378,49463051000,1396045786,35223423,1.596944214,41.5496,0.680222
7000,32,41634.92,40389,971,51859,82438614761,49982822091,1357860876,33924075,1.593760524,40.814391,0.80868
7000,32,42209.5,40339,1110,54842,83750399164,51071027925,1429729774,35810076,1.609930497,41.528133,0.664618
7000,32,42357.53,41107,1064,54250,84039984694,50866873085,1490294765,36517999,1.605947808,41.688119,0.650204
7000,32,41526.22,40249,1000,54858,82257580210,50241891730,1462300324,36816312,1.582296198,40.831655,0.68061
7000,64,44681.43,20503,1941,43368,88659713112,50190620068,1497463399,38187590,1.681132676,44.157161,0.509382
7000,64,45392.73,33456,1816,41615,89941266493,49957150765,1491828506,37615868,1.722920662,44.77628,0.60181
7000,64,48944.87,26143,1698,47023,97081151041,51603076343,1676680265,43574763,1.832352333,48.318946,0.612807
7000,64,47640.62,20431,1910,42698,94468152359,51492360686,1668152797,41616914,1.780788277,47.138058,0.485381
7000,64,47758.03,32618,1671,42544,94759674663,50266709868,1547618099,38438407,1.786721773,47.084304,0.656631
7000,128,64063.56,44540,2354,47293,127304309272,51471582930,1776426257,43403284,2.297916742,63.299457,0.745665
7000,128,48620.08,32190,2341,51317,96525117908,51980558496,1850719643,44120336,1.810853191,48.084544,0.516424
7000,128,51722.12,36843,1942,45445,102689374913,53102549725,1837716759,40918041,1.898644402,51.008374,0.697663
7000,128,65824.14,64716,2764,47100,130765798258,51588788062,1793110471,44589413,2.339366199,65.0143,0.787052
7000,128,50128.62,28243,2340,45631,99601938893,50914287278,1680934944,39911307,1.843075875,49.56075,0.548096
8000,1,48975.47,323017,123,59703,82297710250,67046961378,1890363034,64020364,38.239899314,42.593598,6.99813
8000,1,48155.08,323048,253,57628,81381813102,66910087165,1860704590,61517314,37.790401081,42.068824,6.623667
8000,1,48230.3,322870,206,58562,81088805778,66837201856,1848090008,61072885,37.867950274,42.188271,6.601899
8000,1,47345.68,322902,261,56189,81254777829,66936510510,1867635129,63379224,37.780764787,41.677731,6.182803
8000,1,48466.32,323181,212,55099,81426412385,66818358957,1844065142,62302171,37.836746,42.420939,6.605963
8000,2,45241.43,171292,156,60040,82147732131,63499937405,1604871545,57771621,19.751989551,41.947871,3.601732
8000,2,44471.84,174827,239,59295,79573802066,65264110932,1575058445,57112217,19.130863042,40.812141,3.991185
8000,2,44504.33,172464,186,60581,79535925890,65435673763,1605354707,61311582,19.117466581,40.977493,3.847609
8000,2,46315.89,193982,207,55536,82408530449,63685739292,1631023396,61535622,19.823037876,42.371762,4.349402
8000,2,44501.36,174538,207,59197,79574618084,65116723867,1541349749,51812786,19.159151106,40.901309,3.916082
8000,4,39443.13,90243,175,52278,73207240506,65304551953,1359164477,48725157,9.10598789,37.475931,2.129348
8000,4,42400.4,94981,216,59222,79178487878,64347342031,1409725840,50337933,9.835741036,40.325267,2.248994
8000,4,42350.97,94416,180,55366,78786418556,64357156554,1410714153,53781178,9.774549071,40.354645,2.165611
8000,4,44371.82,100743,223,54086,83076090799,64000483860,1473639816,61383440,10.311189351,42.315877,2.216536
8000,4,39824.82,94206,83,64000,74017580028,65066362371,1491014245,57336134,9.170302175,37.613761,2.37221
8000,8,42793.32,79759,193,51881,81439067910,64576312865,1457496746,56238992,5.224944723,41.386441,1.516538
8000,8,44084.37,66782,189,50503,83778544992,65923731405,1360166835,46824094,5.445369644,42.612389,1.587246
8000,8,42315.93,75033,185,48033,80952681060,64479539748,1440681146,54954303,5.203408577,41.021392,1.403617
8000,8,42751.2,65107,180,51143,80982580970,64372737713,1422478247,55677723,5.200723331,41.288129,1.575193
8000,8,40033.49,59173,119,49149,75493051610,65299489239,1366931527,55740326,4.901471821,38.61455,1.522778
8000,16,43899.28,75301,153,55518,85821022729,64642319941,1466475216,42741813,2.889097077,42.914693,1.054548
8000,16,42420.43,61089,192,60037,81991762197,65216130001,1589021741,51694722,2.771049183,41.325871,1.167029
8000,16,45736.61,71342,181,53200,89284295432,64372291835,1410926085,42568679,2.999001952,44.6741,1.14531
8000,16,45608.73,76696,163,58789,89150386212,64523672865,1582764551,47680170,2.96704349,44.577974,1.115101
8000,16,45902.11,75811,234,54780,89569714752,64730765512,1482787633,42818041,2.999822579,44.877951,1.103137
8000,32,50900.23,47617,1088,61037,101078616034,65658107050,1862477368,43965025,1.887573334,50.129508,0.752418
8000,32,52277.11,52489,1156,57633,103753330270,64631895973,1748136171,40076821,1.941050916,51.512399,0.747733
8000,32,50945.68,50913,891,57212,100908180098,63345044774,1589314967,35619558,1.873064081,50.209737,0.722478
8000,32,55336.75,54910,1209,55211,109622051801,64449423774,1664998512,38150084,2.020525649,54.543459,0.775967
8000,32,52656.64,53245,1088,53451,104510576931,62989362828,1518209092,34089422,1.929339123,51.948886,0.694265
8000,64,61794.24,26017,1914,53070,122662148528,64239829920,1766003752,42184926,2.241418165,61.103445,0.675876
8000,64,55601.76,53756,2325,57446,110274045050,66500884095,1767355694,42804155,2.046460311,54.689146,0.893737
8000,64,59594.24,25435,2089,53735,118348711711,64725295345,1856399195,44725303,2.165959601,59.010392,0.564793
8000,64,56089.76,46717,2052,52244,111272463709,64862463158,1876432061,42026492,2.055497639,55.225888,0.847938
8000,64,67138.64,30374,2036,55436,133372231298,63882844006,1680489608,40197138,2.404918453,66.464111,0.655129
8000,128,72875.02,38863,2388,51217,144869045815,64886373976,1869564878,43025077,2.563227108,72.202884,0.653821
8000,128,65890.4,45134,2514,49576,130871798676,66068591459,2099980994,43813526,2.35415326,64.966577,0.903146
8000,128,67460.82,34976,2581,54172,134058749168,64292358756,1766534031,42454180,2.40175939,66.784761,0.658465
8000,128,66546.02,39010,2398,52622,132365190400,64625315777,1832757296,43904093,2.372326179,65.814446,0.714363
8000,128,63030.99,42364,2437,49529,125169246894,64814294753,1852121216,43375995,2.276735773,62.188209,0.825095
9000,1,58830.55,363110,226,58496,101043171983,83414839679,2120790915,66555454,47.529972595,51.94129,7.514075
9000,1,58225.1,363151,230,58336,100760345338,83295258435,2099278599,63616583,47.442956357,51.678874,7.157255
9000,1,59557.26,363430,272,69112,101795443710,83707819911,2177204050,69988031,47.800734857,52.5221,7.757702
9000,1,58901.97,363111,178,60580,100898276749,83320126924,2102319512,63759908,47.445087777,52.028597,7.508831
9000,1,59673.16,362981,286,61297,102088909034,83535495826,2144994941,68283213,47.968143099,52.611537,7.857349
9000,2,54305.72,190294,190,64668,98763144549,81414015995,1765804751,57747034,23.958232688,50.527697,4.122649
9000,2,54761.08,203256,254,66899,99421430749,81958338360,1868490980,64620141,23.994445967,50.967591,4.167218
9000,2,55090.19,207514,255,66890,99503676654,81977037733,1873446477,63304863,23.946965577,50.95659,4.497531
9000,2,57264.58,207013,196,62916,104579231667,80466372443,1825630350,58371728,25.298940548,53.439126,4.192373
9000,2,54662.18,197732,215,60332,98939053666,81768384852,1836816913,64570655,23.959695831,50.743883,4.319273
9000,4,49721.05,106864,256,70223,92167722521,83023042924,1800105757,65220872,11.371154299,47.251255,2.665919
9000,4,52251.6,104660,173,62209,98111825078,80667052191,1636422790,53745373,12.199298486,49.976212,2.470234
9000,4,55290.54,110641,213,64597,103804183378,79597617853,1672043815,58872308,12.87646502,52.991146,2.494386
9000,4,55852.08,107199,207,63826,104691845108,80108460757,1778454297,65046446,12.92592814,53.604602,2.432872
9000,4,49134.29,101555,169,60005,91530092762,82267880071,1652004695,57073210,11.357031133,46.812373,2.509276
9000,8,52577.76,67719,199,50491,100246273974,80317866676,1573100644,50288954,6.448482843,51.097159,1.606816
9000,8,49369.95,70493,205,50828,93720582738,82348550473,1676374030,60129194,5.98524793,47.848382,1.647764
9000,8,49291.38,74973,210,50354,94070350112,82009507726,1605481227,53247427,6.017133226,47.775786,1.641593
9000,8,49967.35,76179,195,48506,94572863410,82291227618,1659098712,59810138,6.036070064,48.441603,1.663338
9000,8,49744.88,71288,136,58402,94181202716,81707722647,1854777464,69463481,5.979281697,48.021974,1.847962
9000,16,54005.09,80788,227,57741,105441497540,81014090879,1709143600,47866411,3.499018038,52.839601,1.248841
9000,16,55092.45,79010,223,56090,107390714922,80872905778,1678809099,47974937,3.584302102,53.945839,1.246455
9000,16,57015.36,91830,214,55552,111547937740,80050659368,1685736079,46871499,3.694324822,55.817692,1.295569
9000,16,56359.38,89414,159,55248,110390965693,78550702750,1693822292,46792893,3.644203905,55.205764,1.238089
9000,16,55865.98,91896,273,55094,109132812704,80763008142,1650020099,43694748,3.624018704,54.706599,1.2439
9000,32,66819.54,68599,1504,61086,132784550468,80791181628,1835542753,41012539,2.410427647,65.810821,0.985398
9000,32,64653.44,63669,1189,61125,128339011516,80106008995,1984226578,42876281,2.328018212,63.87332,0.763609
9000,32,66257.62,68432,1448,65225,131636325633,82339231627,1970090505,42485942,2.361706752,65.395136,0.842439
9000,32,63597.15,67435,1223,60527,126338434344,81370188168,1967176096,43346208,2.276190889,62.696525,0.884402
9000,32,63665.35,63641,1293,59636,126416952280,83027411008,2105799266,46074085,2.28072912,62.780216,0.863847
9000,64,68669.57,25712,2222,54901,136523071594,79291370939,1842713740,40115763,2.454534706,68.097486,0.555571
9000,64,60277.59,41559,2173,55975,119699882623,84106044136,2009484879,44802555,2.178580173,59.435016,0.82351
9000,64,73725.97,28437,2055,63396,146550897490,79945998832,1971486982,43642142,2.616681216,73.035376,0.675799
9000,64,63047.0,41602,2213,56598,125229188509,80452823526,1834288458,40251612,2.282374165,62.249363,0.779966
9000,64,63413.61,29741,2289,60194,126053538800,83655320213,2172969310,49766897,2.27489065,62.74265,0.655884
9000,128,79041.61,43682,2471,60484,157163494600,80468365180,2066245878,45293829,2.785512548,78.280451,0.742511
9000,128,63743.87,66346,2534,53421,126537347147,84411959177,2061022324,48137537,2.316043806,62.812613,0.91166
9000,128,79861.72,46805,2462,55917,158713261329,80289493667,2023729129,42764263,2.855383431,79.102773,0.740559
9000,128,68233.66,37760,2510,66214,135483714635,83862630378,2532265219,57788305,2.429700611,67.476276,0.733763
9000,128,68670.86,52008,2492,57811,136413919749,80597579516,2102476523,46543051,2.449815996,67.871246,0.783345
10000,1,70489.21,403766,291,75139,123842071672,102091154827,2455847737,70281859,58.639647182,63.003797,8.177784
10000,1,70985.29,403750,243,70584,123403070714,101997492982,2436469401,70498407,58.502581923,63.324078,8.384796
10000,1,70919.21,403819,248,74612,123556139543,101941952673,2423439315,66971744,58.487803067,62.72095,8.962867
10000,1,71099.13,403811,325,74156,123538995215,101998563744,2434997270,69104146,58.497780521,62.758002,9.098478
10000,1,71337.3,404106,373,66864,123883408601,101841248580,2408518286,66453002,58.702147622,63.553341,8.55475
10000,2,65859.59,215102,172,72451,120656614991,99779126649,2041544646,59452892,29.337773781,61.542012,4.723291
10000,2,65995.95,217681,215,73088,120826799911,99915881798,2071369552,61433413,29.342093502,61.661388,4.740236
10000,2,61806.7,221933,180,70137,112000621466,101291918637,2063248258,62096236,27.153602237,57.480653,4.728498
10000,2,65814.96,223585,183,68844,120680785576,100005927255,2087091556,61637306,29.267105447,61.605468,4.601871
10000,2,65948.05,225350,314,69910,120879221948,100128237009,2110157908,65567574,29.315573304,61.577642,4.774399
10000,4,59411.59,118486,171,70522,111625410108,100406657831,1908019477,59437434,13.85554425,56.922398,2.697071
10000,4,59629.29,119061,242,72116,111933055484,100826241277,1995192812,67198556,13.84093916,57.069355,2.775999
10000,4,59620.82,125122,198,72828,111921269232,100814955821,1895003029,56499796,13.892850632,57.069595,2.764063
10000,4,66921.29,120270,210,67225,126651187752,98021009778,1932443677,59519246,15.707993572,64.365798,2.793921
10000,4,59294.84,118694,165,66981,111352848436,100309204309,1891324387,60454501,13.852310945,56.814391,2.697194
10000,8,59557.83,81125,170,57414,113685329122,100291878313,1798043797,55176657,7.259761164,57.857009,1.834929
10000,8,59697.99,88539,212,71600,114452310998,100953875691,1927416681,62874546,7.297535051,58.074883,1.750221
10000,8,66796.64,82798,171,69547,128004342272,95544274799,1824425731,56099472,8.173397102,64.930901,2.013244
10000,8,59674.82,85601,220,56843,113828697718,100613438766,1862929556,61397295,7.268376438,57.908179,1.911608
10000,8,63647.7,80609,211,53377,122499786597,98325492852,1783586846,46141265,7.833564075,61.992749,1.792585
10000,16,60198.1,97494,276,56965,118227489872,100828399874,1899256747,44242552,3.900466872,59.018046,1.269302
10000,16,68781.08,105726,189,54660,135062717400,98103357526,1949400308,45931602,4.40913647,67.434261,1.453562
10000,16,66122.88,100559,216,55261,130055688242,98995072080,1911029219,44832132,4.272818818,64.880874,1.34089
10000,16,60734.98,97424,248,56546,119350432492,101052704602,1944638637,47123547,3.950365687,59.484047,1.339554
10000,16,59914.98,90446,267,58076,116971499772,100655184856,1873374845,45137776,3.886644716,58.550034,1.465154
10000,32,77607.1,75463,1148,62548,154163455761,101107903281,2332616738,48006268,2.72472598,76.578511,1.005155
10000,32,78970.96,71543,1383,63630,156920373055,101557821638,2423887793,50704553,2.774125438,77.940694,1.00775
10000,32,76859.75,81827,1215,60733,152812299403,96223810684,1955103076,37665384,2.711032851,75.923958,0.920072
10000,32,77469.69,81023,1237,62250,153898556645,99793607171,2066993040,40749576,2.723664025,76.445204,1.001504
10000,32,77864.07,81172,1514,59518,154796696429,98237314245,1978209565,38821109,2.734566212,76.968222,0.883577
10000,64,86110.59,39958,2384,72946,171220828161,101977681264,2507346412,51443462,3.015367601,85.343998,0.748956
10000,64,72140.01,27358,1942,67486,143286506289,98834205228,2276667903,48441132,2.573325101,71.436206,0.690291
10000,64,78551.91,63142,2137,69973,156189210327,101430855673,2390711079,48480589,2.769837256,77.669503,0.865819
10000,64,73924.55,36137,2057,72955,146954984438,99622368438,2423419379,51381823,2.622255102,73.120554,0.791151
10000,64,80931.75,47478,2485,75177,160873176725,101600585841,2426737123,51160853,2.853593527,80.126068,0.788069
10000,128,89897.11,45590,2613,66794,178785933099,98064595181,2315556520,47677577,3.12190415,89.114131,0.767897
10000,128,78737.44,43095,2442,58857,156516972732,97087148793,2122671341,44141761,2.789910513,77.996304,0.725956
10000,128,78542.84,30447,2519,65796,156034122371,99866874488,2410726260,51854686,2.775271084,77.817425,0.709569
10000,128,84812.19,31232,2419,63572,168698588637,97323469137,2174384991,44379882,2.976622074,84.196521,0.601582
10000,128,86102.93,73924,2605,63376,171145562531,97935750543,2279193825,45928981,3.029836124,85.195911,0.887144
