05-18 16:01:08,0,2500,1,50074244,22016
05-18 16:01:09,0,2500,1,50015332,67184
05-18 16:01:10,0,2500,1,49995452,81520
05-18 16:01:11,0,2500,1,49986028,91260
05-18 16:01:13,0,2500,1,49968868,105340
05-18 16:01:14,1,2500,1,50044492,15360
05-18 16:01:15,1,2500,1,50009532,66008
05-18 16:01:16,1,2500,1,49988364,80600
05-18 16:01:17,1,2500,1,49978136,90328
05-18 16:01:18,1,2500,1,49963496,103640
05-18 16:01:19,2,2500,1,50047188,15616
05-18 16:01:20,2,2500,1,50022420,66140
05-18 16:01:21,2,2500,1,50001032,80220
05-18 16:01:22,2,2500,1,49989932,89692
05-18 16:01:23,2,2500,1,49973216,102492
05-18 16:01:24,0,2500,2,50040616,15872
05-18 16:01:25,0,2500,2,50002428,69080
05-18 16:01:26,0,2500,2,49973680,92632
05-18 16:01:27,1,2500,2,50028452,17152
05-18 16:01:28,1,2500,2,49976368,71336
05-18 16:01:29,1,2500,2,49948876,94224
05-18 16:01:30,2,2500,2,50014740,16896
05-18 16:01:31,2,2500,2,49970736,72396
05-18 16:01:32,2,2500,2,49943132,96068
05-18 16:01:33,0,2500,4,50001792,15360
05-18 16:01:34,0,2500,4,49939228,84944
05-18 16:01:35,1,2500,4,49983316,16128
05-18 16:01:36,1,2500,4,49926980,78952
05-18 16:01:37,2,2500,4,49971156,15872
05-18 16:01:38,2,2500,4,49925732,81592
05-18 16:01:39,0,2500,8,49960104,17408
05-18 16:01:40,0,2500,8,49897868,101500
05-18 16:01:41,1,2500,8,49968072,16640
05-18 16:01:42,1,2500,8,49894268,103752
05-18 16:01:43,2,2500,8,49975848,16128
05-18 16:01:44,0,2500,16,49972248,15872
05-18 16:01:45,1,2500,16,49950124,16896
05-18 16:01:46,2,2500,16,49945712,19456
05-18 16:01:47,0,2500,32,49955032,18432
05-18 16:01:48,1,2500,32,49967552,15360
05-18 16:01:49,2,2500,32,49954728,13056
05-18 16:01:50,0,5000,1,49966508,16896
05-18 16:01:51,0,5000,1,49933708,59948
05-18 16:01:52,0,5000,1,49928160,66348
05-18 16:01:53,0,5000,1,49919056,71468
05-18 16:01:54,0,5000,1,49911648,77100
05-18 16:01:55,0,5000,1,49918688,81748
05-18 16:01:56,0,5000,1,49919840,86868
05-18 16:01:57,0,5000,1,49913324,91988
05-18 16:01:58,0,5000,1,49911632,96340
05-18 16:01:59,0,5000,1,49907416,102228
05-18 16:02:00,0,5000,1,49909548,106992
05-18 16:02:01,0,5000,1,49905084,111600
05-18 16:02:03,0,5000,1,49903752,116720
05-18 16:02:04,0,5000,1,49903316,121840
05-18 16:02:05,0,5000,1,49895140,126960
05-18 16:02:06,0,5000,1,49900608,132080
05-18 16:02:07,1,5000,1,49991780,16128
05-18 16:02:08,1,5000,1,49966796,59300
05-18 16:02:09,1,5000,1,49959368,65188
05-18 16:02:10,1,5000,1,49952016,71076
05-18 16:02:11,1,5000,1,49945156,76196
05-18 16:02:12,1,5000,1,49950736,80908
05-18 16:02:13,1,5000,1,49941424,86284
05-18 16:02:14,1,5000,1,49942152,91660
05-18 16:02:15,1,5000,1,49934512,96524
05-18 16:02:16,1,5000,1,49933124,102412
05-18 16:02:17,1,5000,1,49932308,106760
05-18 16:02:18,1,5000,1,49930128,111368
05-18 16:02:19,1,5000,1,49922316,116488
05-18 16:02:20,1,5000,1,49922568,121352
05-18 16:02:21,1,5000,1,49913776,126472
05-18 16:02:22,1,5000,1,49912068,131592
05-18 16:02:23,2,5000,1,50010300,16896
05-18 16:02:24,2,5000,1,49980848,59452
05-18 16:02:25,2,5000,1,49975676,65852
05-18 16:02:26,2,5000,1,49962220,71228
05-18 16:02:27,2,5000,1,49962764,76604
05-18 16:02:28,2,5000,1,49958264,81224
05-18 16:02:29,2,5000,1,49958516,86088
05-18 16:02:30,2,5000,1,49950604,91464
05-18 16:02:31,2,5000,1,49950352,96840
05-18 16:02:32,2,5000,1,49943824,101960
05-18 16:02:33,2,5000,1,49945032,107184
05-18 16:02:34,2,5000,1,49939764,112304
05-18 16:02:35,2,5000,1,49939416,116912
05-18 16:02:36,2,5000,1,49931600,122032
05-18 16:02:37,2,5000,1,49927944,127408
05-18 16:02:38,2,5000,1,49925864,132272
05-18 16:02:39,0,5000,2,50027516,16384
05-18 16:02:40,0,5000,2,49994596,65676
05-18 16:02:41,0,5000,2,49982500,80268
05-18 16:02:42,0,5000,2,49966808,91076
05-18 16:02:43,0,5000,2,49962312,103108
05-18 16:02:44,0,5000,2,49944424,111388
05-18 16:02:45,0,5000,2,49932580,122140
05-18 16:02:46,0,5000,2,49919980,132636
05-18 16:02:47,1,5000,2,50015904,16896
05-18 16:02:48,1,5000,2,49989680,66312
05-18 16:02:49,1,5000,2,49974564,79624
05-18 16:02:50,1,5000,2,49956168,90376
05-18 16:02:51,1,5000,2,49944576,103688
05-18 16:02:52,1,5000,2,49928400,111980
05-18 16:02:53,1,5000,2,49920472,122220
05-18 16:02:54,1,5000,2,49908328,132460
05-18 16:02:55,1,5000,2,49904852,143212
05-18 16:02:56,2,5000,2,50021876,17408
05-18 16:02:57,2,5000,2,49980880,65948
05-18 16:02:58,2,5000,2,49967064,79260
05-18 16:02:59,2,5000,2,49945392,90204
05-18 16:03:00,2,5000,2,49940792,102748
05-18 16:03:02,2,5000,2,49921384,110616
05-18 16:03:03,2,5000,2,49928180,120600
05-18 16:03:04,2,5000,2,49904492,131352
05-18 16:03:05,2,5000,2,49986816,
05-18 16:03:06,0,5000,4,50020456,17152
05-18 16:03:07,0,5000,4,49987512,69632
05-18 16:03:08,0,5000,4,49967268,94464
05-18 16:03:09,0,5000,4,49943636,115968
05-18 16:03:10,0,5000,4,49901828,141568
05-18 16:03:11,1,5000,4,50017960,17920
05-18 16:03:12,1,5000,4,49969956,72484
05-18 16:03:13,1,5000,4,49940840,96900
05-18 16:03:14,1,5000,4,49920568,118148
05-18 16:03:15,1,5000,4,49901236,142724
05-18 16:03:16,2,5000,4,50007348,14336
05-18 16:03:17,2,5000,4,49977676,67740
05-18 16:03:18,2,5000,4,49955276,90940
05-18 16:03:19,2,5000,4,49922676,111932
05-18 16:03:20,2,5000,4,49892772,135484
05-18 16:03:21,0,5000,8,50005168,15872
05-18 16:03:22,0,5000,8,49955464,83104
05-18 16:03:23,0,5000,8,49912372,128436
05-18 16:03:24,1,5000,8,50002028,15360
05-18 16:03:25,1,5000,8,49952664,87924
05-18 16:03:26,1,5000,8,49910008,132724
05-18 16:03:27,2,5000,8,50001036,15616
05-18 16:03:28,2,5000,8,49952340,82588
05-18 16:03:29,2,5000,8,49910048,127644
05-18 16:03:30,0,5000,16,50006988,11776
05-18 16:03:31,0,5000,16,49930144,105936
05-18 16:03:32,1,5000,16,49996980,16896
05-18 16:03:33,1,5000,16,49913460,107396
05-18 16:03:34,2,5000,16,49988324,16896
05-18 16:03:35,2,5000,16,49915664,105956
05-18 16:03:36,0,5000,32,49995468,14336
05-18 16:03:37,0,5000,32,49905588,134552
05-18 16:03:38,1,5000,32,49978560,15616
05-18 16:03:39,1,5000,32,49869564,138160
05-18 16:03:40,2,5000,32,49974620,17408
05-18 16:03:41,2,5000,32,49893692,126936
05-18 16:03:42,0,7500,1,49992860,16384
05-18 16:03:43,0,7500,1,49964912,58112
05-18 16:03:44,0,7500,1,49964792,66472
05-18 16:03:45,0,7500,1,49960780,70312
05-18 16:03:46,0,7500,1,49954900,73896
05-18 16:03:47,0,7500,1,49955244,76968
05-18 16:03:48,0,7500,1,49956592,79924
05-18 16:03:49,0,7500,1,49944496,86324
05-18 16:03:50,0,7500,1,49948176,89652
05-18 16:03:51,0,7500,1,49948952,92980
05-18 16:03:52,0,7500,1,49942364,95236
05-18 16:03:53,0,7500,1,49943220,98308
05-18 16:03:54,0,7500,1,49944780,102660
05-18 16:03:56,0,7500,1,49935708,105732
05-18 16:03:57,0,7500,1,49936688,109316
05-18 16:03:58,0,7500,1,49928624,112020
05-18 16:03:59,0,7500,1,49928288,115860
05-18 16:04:00,0,7500,1,49929508,119700
05-18 16:04:01,0,7500,1,49929380,122772
05-18 16:04:02,0,7500,1,49928624,126100
05-18 16:04:03,0,7500,1,49930112,130452
05-18 16:04:04,0,7500,1,49921920,133524
05-18 16:04:05,0,7500,1,49925788,136852
05-18 16:04:06,0,7500,1,49925732,140692
05-18 16:04:07,0,7500,1,49917668,143764
05-18 16:04:08,0,7500,1,49918240,147860
05-18 16:04:09,0,7500,1,49920648,150932
05-18 16:04:10,0,7500,1,49911880,154516
05-18 16:04:11,0,7500,1,49914964,159380
05-18 16:04:12,0,7500,1,49913544,160916
05-18 16:04:13,0,7500,1,49911884,161428
05-18 16:04:14,0,7500,1,49912752,161428
05-18 16:04:15,0,7500,1,49913280,161428
05-18 16:04:16,1,7500,1,50044760,18944
05-18 16:04:17,1,7500,1,50009572,58112
05-18 16:04:18,1,7500,1,50001816,64996
05-18 16:04:19,1,7500,1,49998364,68580
05-18 16:04:20,1,7500,1,49990472,71908
05-18 16:04:21,1,7500,1,49991484,74312
05-18 16:04:22,1,7500,1,49991128,78408
05-18 16:04:23,1,7500,1,49980388,85852
05-18 16:04:24,1,7500,1,49980724,88924
05-18 16:04:25,1,7500,1,49980592,92508
05-18 16:04:26,1,7500,1,49972528,96092
05-18 16:04:27,1,7500,1,49973292,99420
05-18 16:04:28,1,7500,1,49973808,103260
05-18 16:04:29,1,7500,1,49966296,106588
05-18 16:04:30,1,7500,1,49967328,109916
05-18 16:04:31,1,7500,1,49968204,111748
05-18 16:04:32,1,7500,1,49958628,115588
05-18 16:04:33,1,7500,1,49958880,119428
05-18 16:04:34,1,7500,1,49955752,122756
05-18 16:04:35,1,7500,1,49954772,126084
05-18 16:04:36,1,7500,1,49951508,130180
05-18 16:04:37,1,7500,1,49942292,133252
05-18 16:04:38,1,7500,1,49940892,136580
05-18 16:04:39,1,7500,1,49935600,140164
05-18 16:04:40,1,7500,1,49935776,143236
05-18 16:04:41,1,7500,1,49927908,147588
05-18 16:04:42,1,7500,1,49926424,150916
05-18 16:04:43,1,7500,1,49925924,154244
05-18 16:04:44,1,7500,1,49922328,159876
05-18 16:04:45,1,7500,1,49922360,160900
05-18 16:04:46,1,7500,1,49921904,161412
05-18 16:04:47,1,7500,1,49922400,161412
05-18 16:04:48,1,7500,1,49922440,161412
05-18 16:04:49,2,7500,1,50055976,16384
05-18 16:04:50,2,7500,1,50021204,58532
05-18 16:04:51,2,7500,1,50011940,67260
05-18 16:04:52,2,7500,1,50009012,71356
05-18 16:04:53,2,7500,1,49999940,74940
05-18 16:04:54,2,7500,1,49998224,77440
05-18 16:04:55,2,7500,1,50004496,78816
05-18 16:04:56,2,7500,1,49993660,85728
05-18 16:04:57,2,7500,1,49992004,89312
05-18 16:04:58,2,7500,1,49984708,92640
05-18 16:04:59,2,7500,1,49984340,95028
05-18 16:05:00,2,7500,1,49977320,98356
05-18 16:05:02,2,7500,1,49974632,102452
05-18 16:05:03,2,7500,1,49973900,105780
05-18 16:05:04,2,7500,1,49965836,109108
05-18 16:05:05,2,7500,1,49964576,111944
05-18 16:05:06,2,7500,1,49958740,115528
05-18 16:05:07,2,7500,1,49960868,118856
05-18 16:05:08,2,7500,1,49951800,122184
05-18 16:05:09,2,7500,1,49944420,125768
05-18 16:05:10,2,7500,1,49946056,129864
05-18 16:05:11,2,7500,1,49946856,133192
05-18 16:05:12,2,7500,1,49938308,136520
05-18 16:05:13,2,7500,1,49941592,140104
05-18 16:05:14,2,7500,1,49941788,143432
05-18 16:05:15,2,7500,1,49932464,147528
05-18 16:05:16,2,7500,1,49929944,150856
05-18 16:05:17,2,7500,1,49926344,154440
05-18 16:05:18,2,7500,1,49922816,158024
05-18 16:05:19,2,7500,1,49921556,160840
05-18 16:05:20,2,7500,1,49921560,161096
05-18 16:05:21,2,7500,1,49923312,161096
05-18 16:05:22,2,7500,1,49923068,161096
05-18 16:05:23,0,7500,2,50052288,16640
05-18 16:05:24,0,7500,2,50006996,66732
05-18 16:05:25,0,7500,2,49993864,81580
05-18 16:05:26,0,7500,2,49976692,89516
05-18 16:05:27,0,7500,2,49974604,97452
05-18 16:05:28,0,7500,2,49965876,104876
05-18 16:05:29,0,7500,2,49951544,110668
05-18 16:05:30,0,7500,2,49949404,119884
05-18 16:05:31,0,7500,2,49948668,127052
05-18 16:05:32,0,7500,2,49936828,134988
05-18 16:05:33,0,7500,2,49930028,143436
05-18 16:05:34,0,7500,2,49913964,151372
05-18 16:05:35,0,7500,2,49913908,159564
05-18 16:05:36,0,7500,2,49911668,167244
05-18 16:05:37,0,7500,2,49906180,168780
05-18 16:05:38,0,7500,2,49891868,170828
05-18 16:05:39,1,7500,2,50045644,14592
05-18 16:05:40,1,7500,2,50008368,63696
05-18 16:05:41,1,7500,2,49991424,78052
05-18 16:05:42,1,7500,2,49979728,86244
05-18 16:05:43,1,7500,2,49971892,92900
05-18 16:05:44,1,7500,2,49970016,100068
05-18 16:05:45,1,7500,2,49960732,103708
05-18 16:05:46,1,7500,2,49949148,111388
05-18 16:05:47,1,7500,2,49944656,118044
05-18 16:05:48,1,7500,2,49946856,124956
05-18 16:05:49,1,7500,2,49935516,133404
05-18 16:05:50,1,7500,2,49926392,141084
05-18 16:05:51,1,7500,2,49926520,148252
05-18 16:05:52,1,7500,2,49908640,154908
05-18 16:05:53,1,7500,2,49907028,162588
05-18 16:05:54,1,7500,2,49912932,162844
05-18 16:05:55,1,7500,2,49912600,164892
05-18 16:05:56,2,7500,2,50044260,16128
05-18 16:05:57,2,7500,2,49998912,62324
05-18 16:05:58,2,7500,2,49982292,71320
05-18 16:05:59,2,7500,2,49965412,78232
05-18 16:06:00,2,7500,2,49962344,86048
05-18 16:06:01,2,7500,2,49957808,92344
05-18 16:06:02,2,7500,2,49946816,99000
05-18 16:06:03,2,7500,2,49941484,108984
05-18 16:06:05,2,7500,2,49935688,115896
05-18 16:06:06,2,7500,2,49920288,123320
05-18 16:06:07,2,7500,2,49912756,129660
05-18 16:06:08,2,7500,2,49914884,137340
05-18 16:06:09,2,7500,2,49899184,143996
05-18 16:06:10,2,7500,2,49897556,150908
05-18 16:06:11,2,7500,2,49887852,159612
05-18 16:06:12,2,7500,2,49879148,166524
05-18 16:06:13,2,7500,2,49876124,167036
05-18 16:06:14,2,7500,2,49881076,167036
05-18 16:06:15,0,7500,4,50034644,17408
05-18 16:06:16,0,7500,4,49987696,80060
05-18 16:06:17,0,7500,4,49961724,96956
05-18 16:06:18,0,7500,4,49946104,111292
05-18 16:06:19,0,7500,4,49915360,127164
05-18 16:06:20,0,7500,4,49906520,137312
05-18 16:06:21,0,7500,4,49909844,151648
05-18 16:06:22,0,7500,4,49894504,166240
05-18 16:06:23,0,7500,4,49887820,168288
05-18 16:06:24,1,7500,4,50025600,16640
05-18 16:06:25,1,7500,4,49995064,68404
05-18 16:06:26,1,7500,4,49977896,85260
05-18 16:06:27,1,7500,4,49962076,99996
05-18 16:06:28,1,7500,4,49949704,115356
05-18 16:06:29,1,7500,4,49928764,129692
05-18 16:06:30,1,7500,4,49911976,144796
05-18 16:06:31,1,7500,4,49909604,160156
05-18 16:06:32,1,7500,4,49909496,161948
05-18 16:06:33,2,7500,4,50045516,15872
05-18 16:06:34,2,7500,4,49986704,76376
05-18 16:06:35,2,7500,4,49963296,93528
05-18 16:06:36,2,7500,4,49957392,108120
05-18 16:06:37,2,7500,4,49941728,122968
05-18 16:06:38,2,7500,4,49937124,137048
05-18 16:06:39,2,7500,4,49931764,148144
05-18 16:06:40,2,7500,4,49905304,163760
05-18 16:06:41,2,7500,4,49903792,165552
05-18 16:06:42,0,7500,8,50038868,16384
05-18 16:06:43,0,7500,8,49991516,77588
05-18 16:06:44,0,7500,8,49945648,108048
05-18 16:06:45,0,7500,8,49921448,136976
05-18 16:06:46,0,7500,8,49882728,152336
05-18 16:06:47,1,7500,8,50019220,16896
05-18 16:06:48,1,7500,8,49977672,75180
05-18 16:06:49,1,7500,8,49935552,108400
05-18 16:06:50,1,7500,8,49909772,135932
05-18 16:06:51,1,7500,8,49866496,156924
05-18 16:06:52,2,7500,8,49996980,15872
05-18 16:06:53,2,7500,8,49963900,74432
05-18 16:06:54,2,7500,8,49941696,106944
05-18 16:06:55,2,7500,8,49924516,135220
05-18 16:06:56,2,7500,8,49892356,152372
05-18 16:06:57,0,7500,16,50013852,15872
05-18 16:06:58,0,7500,16,49942052,99004
05-18 16:06:59,0,7500,16,49872368,158140
05-18 16:07:00,1,7500,16,50016256,16896
05-18 16:07:01,1,7500,16,49949368,98424
05-18 16:07:02,1,7500,16,49863212,156024
05-18 16:07:04,2,7500,16,49982456,14336
05-18 16:07:05,2,7500,16,49914920,98740
05-18 16:07:06,2,7500,16,49830276,156084
05-18 16:07:07,0,7500,32,49970252,16640
05-18 16:07:08,0,7500,32,49880540,135256
05-18 16:07:09,1,7500,32,49984160,16640
05-18 16:07:10,1,7500,32,49910500,103524
05-18 16:07:11,2,7500,32,49967040,16640
05-18 16:07:12,2,7500,32,49889096,113132
05-18 16:07:13,0,10000,1,49979504,15360
05-18 16:07:14,0,10000,1,49943392,56576
05-18 16:07:15,0,10000,1,49937996,60836
05-18 16:07:16,0,10000,1,49935224,67140
05-18 16:07:17,0,10000,1,49927916,70212
05-18 16:07:18,0,10000,1,49928004,73028
05-18 16:07:19,0,10000,1,49928196,76100
05-18 16:07:20,0,10000,1,49921080,78916
05-18 16:07:21,0,10000,1,49923084,82244
05-18 16:07:22,0,10000,1,49924432,86340
05-18 16:07:23,0,10000,1,49925616,85952
05-18 16:07:24,0,10000,1,49919312,88768
05-18 16:07:25,0,10000,1,49919316,91840
05-18 16:07:26,0,10000,1,49920072,93888
05-18 16:07:27,0,10000,1,49921332,96960
05-18 16:07:28,0,10000,1,49914440,100032
05-18 16:07:29,0,10000,1,49914936,101824
05-18 16:07:30,0,10000,1,49915188,104896
05-18 16:07:31,0,10000,1,49914452,107968
05-18 16:07:32,0,10000,1,49909216,109760
05-18 16:07:33,0,10000,1,49912648,111492
05-18 16:07:34,0,10000,1,49914152,114564
05-18 16:07:35,0,10000,1,49918792,116356
05-18 16:07:36,0,10000,1,49910980,119428
05-18 16:07:37,0,10000,1,49913292,122244
05-18 16:07:38,0,10000,1,49913292,125316
05-18 16:07:39,0,10000,1,49905732,127620
05-18 16:07:40,0,10000,1,49906740,130436
05-18 16:07:41,0,10000,1,49906240,133508
05-18 16:07:42,0,10000,1,49906936,136068
05-18 16:07:43,0,10000,1,49897868,138628
05-18 16:07:44,0,10000,1,49898120,141444
05-18 16:07:45,0,10000,1,49897364,145028
05-18 16:07:46,0,10000,1,49898984,146820
05-18 16:07:47,0,10000,1,49890180,149892
05-18 16:07:48,0,10000,1,49889172,152964
05-18 16:07:49,0,10000,1,49890124,154756
05-18 16:07:50,0,10000,1,49882356,157572
05-18 16:07:51,0,10000,1,49882608,158340
05-18 16:07:52,0,10000,1,49882104,158340
05-18 16:07:53,0,10000,1,49882608,158340
05-18 16:07:54,0,10000,1,49882932,158340
05-18 16:07:55,0,10000,1,49883092,158340
05-18 16:07:56,0,10000,1,49885184,158340
05-18 16:07:57,0,10000,1,49892720,158340
05-18 16:07:58,0,10000,1,49893212,158340
05-18 16:07:59,0,10000,1,49893464,158340
05-18 16:08:00,0,10000,1,49895092,158596
05-18 16:08:01,0,10000,1,49895144,158596
05-18 16:08:03,0,10000,1,49896108,158596
05-18 16:08:04,0,10000,1,49897312,158596
05-18 16:08:05,0,10000,1,49896556,158596
05-18 16:08:06,0,10000,1,49896556,158596
05-18 16:08:07,0,10000,1,49904112,158596
05-18 16:08:08,0,10000,1,49909992,158596
05-18 16:08:09,0,10000,1,49909996,158596
05-18 16:08:10,0,10000,1,49911180,158596
05-18 16:08:11,0,10000,1,49911432,158596
05-18 16:08:12,1,10000,1,50046212,16384
05-18 16:08:13,1,10000,1,50028388,56064
05-18 16:08:14,1,10000,1,50021092,60664
05-18 16:08:15,1,10000,1,49992508,73124
05-18 16:08:16,1,10000,1,49992508,75940
05-18 16:08:17,1,10000,1,49993772,78756
05-18 16:08:18,1,10000,1,49989908,79572
05-18 16:08:19,1,10000,1,49989656,82644
05-18 16:08:20,1,10000,1,49985876,87764
05-18 16:08:21,1,10000,1,49978596,91092
05-18 16:08:22,1,10000,1,49982124,89268
05-18 16:08:23,1,10000,1,49980880,92340
05-18 16:08:24,1,10000,1,49979116,95412
05-18 16:08:25,1,10000,1,49971280,97204
05-18 16:08:26,1,10000,1,49971336,100276
05-18 16:08:27,1,10000,1,49970400,103348
05-18 16:08:28,1,10000,1,49962244,105140
05-18 16:08:29,1,10000,1,49967104,108212
05-18 16:08:30,1,10000,1,49966704,111540
05-18 16:08:31,1,10000,1,49965192,113332
05-18 16:08:32,1,10000,1,49955616,115324
05-18 16:08:33,1,10000,1,49955668,118140
05-18 16:08:34,1,10000,1,49955668,120188
05-18 16:08:35,1,10000,1,49949608,123004
05-18 16:08:36,1,10000,1,49955548,125820
05-18 16:08:37,1,10000,1,49954592,128636
05-18 16:08:38,1,10000,1,49954868,130940
05-18 16:08:39,1,10000,1,49946300,134012
05-18 16:08:40,1,10000,1,49946552,137084
05-18 16:08:41,1,10000,1,49947560,139388
05-18 16:08:42,1,10000,1,49947560,142204
05-18 16:08:43,1,10000,1,49938872,145020
05-18 16:08:44,1,10000,1,49937612,148092
05-18 16:08:45,1,10000,1,49938116,149884
05-18 16:08:46,1,10000,1,49938984,152956
05-18 16:08:47,1,10000,1,49929752,156028
05-18 16:08:48,1,10000,1,49930292,157820
05-18 16:08:49,1,10000,1,49929580,160892
05-18 16:08:50,1,10000,1,49929396,161916
05-18 16:08:51,1,10000,1,49930408,161916
05-18 16:08:52,1,10000,1,49929004,161916
05-18 16:08:53,1,10000,1,49928212,161916
05-18 16:08:54,1,10000,1,49928212,161916
05-18 16:08:55,1,10000,1,49929220,161916
05-18 16:08:56,1,10000,1,49929260,161916
05-18 16:08:57,1,10000,1,49927304,161916
05-18 16:08:58,1,10000,1,49927712,161916
05-18 16:08:59,1,10000,1,49927964,161916
05-18 16:09:00,1,10000,1,49927208,161916
05-18 16:09:01,1,10000,1,49926384,161916
05-18 16:09:02,1,10000,1,49924880,161916
05-18 16:09:03,1,10000,1,49924376,164220
05-18 16:09:04,1,10000,1,49924520,164220
05-18 16:09:06,1,10000,1,49924364,164220
05-18 16:09:07,1,10000,1,49923608,164220
05-18 16:09:08,1,10000,1,49921376,164220
05-18 16:09:09,1,10000,1,49922644,164220
05-18 16:09:10,1,10000,1,49923156,164220
05-18 16:09:11,2,10000,1,50051660,17408
05-18 16:09:12,2,10000,1,50030080,55552
05-18 16:09:13,2,10000,1,50026744,61344
05-18 16:09:14,2,10000,1,50017672,68748
05-18 16:09:15,2,10000,1,50018448,71564
05-18 16:09:16,2,10000,1,50010516,73016
05-18 16:09:17,2,10000,1,50009516,76088
05-18 16:09:18,2,10000,1,50009192,78392
05-18 16:09:19,2,10000,1,50006988,81208
05-18 16:09:20,2,10000,1,50004220,84536
05-18 16:09:21,2,10000,1,50001088,86328
05-18 16:09:22,2,10000,1,50001236,89400
05-18 16:09:23,2,10000,1,49992568,92472
05-18 16:09:24,2,10000,1,49993736,94520
05-18 16:09:25,2,10000,1,49993280,97592
05-18 16:09:26,2,10000,1,49992548,100920
05-18 16:09:27,2,10000,1,49986576,102712
05-18 16:09:28,2,10000,1,49982944,105784
05-18 16:09:29,2,10000,1,49981940,108600
05-18 16:09:30,2,10000,1,49974892,110648
05-18 16:09:31,2,10000,1,49974244,111112
05-18 16:09:32,2,10000,1,49973620,113928
05-18 16:09:33,2,10000,1,49977168,116744
05-18 16:09:34,2,10000,1,49969800,119304
05-18 16:09:35,2,10000,1,49980604,121864
05-18 16:09:36,2,10000,1,49980100,124680
05-18 16:09:37,2,10000,1,49979712,128264
05-18 16:09:38,2,10000,1,49971440,130056
05-18 16:09:39,2,10000,1,49971316,132872
05-18 16:09:40,2,10000,1,49970472,136200
05-18 16:09:41,2,10000,1,49971072,137992
05-18 16:09:42,2,10000,1,49961000,142088
05-18 16:09:43,2,10000,1,49959840,145672
05-18 16:09:44,2,10000,1,49967368,147464
05-18 16:09:45,2,10000,1,49959948,150792
05-18 16:09:46,2,10000,1,49957724,153864
05-18 16:09:47,2,10000,1,49955676,155656
05-18 16:09:48,2,10000,1,49950916,159240
05-18 16:09:49,2,10000,1,49938828,159752
05-18 16:09:50,2,10000,1,49938496,159752
05-18 16:09:51,2,10000,1,49939508,159752
05-18 16:09:52,2,10000,1,49939396,159752
05-18 16:09:53,2,10000,1,49940208,159752
05-18 16:09:54,2,10000,1,49940512,159752
05-18 16:09:55,2,10000,1,49941332,159752
05-18 16:09:56,2,10000,1,49942272,159752
05-18 16:09:57,2,10000,1,49941788,160008
05-18 16:09:58,2,10000,1,49941960,160008
05-18 16:09:59,2,10000,1,49942644,160008
05-18 16:10:00,2,10000,1,49950976,160008
05-18 16:10:01,2,10000,1,49950780,160008
05-18 16:10:02,2,10000,1,49951392,160008
05-18 16:10:03,2,10000,1,49951744,160008
05-18 16:10:04,2,10000,1,49951396,160008
05-18 16:10:05,2,10000,1,49952428,160008
05-18 16:10:06,2,10000,1,49952200,160008
05-18 16:10:07,2,10000,1,49951676,160008
05-18 16:10:08,2,10000,1,49955344,160008
05-18 16:10:10,0,10000,2,50093200,16640
05-18 16:10:11,0,10000,2,50058604,61508
05-18 16:10:12,0,10000,2,50043232,69896
05-18 16:10:13,0,10000,2,50033584,74760
05-18 16:10:14,0,10000,2,50024380,82696
05-18 16:10:15,0,10000,2,50020856,87636
05-18 16:10:16,0,10000,2,50007516,94036
05-18 16:10:17,0,10000,2,50006396,99156
05-18 16:10:18,0,10000,2,50003120,105044
05-18 16:10:19,0,10000,2,50001228,110164
05-18 16:10:20,0,10000,2,49992408,116820
05-18 16:10:21,0,10000,2,49989612,121940
05-18 16:10:22,0,10000,2,49987892,127572
05-18 16:10:23,0,10000,2,49983744,133204
05-18 16:10:24,0,10000,2,49981456,139860
05-18 16:10:25,0,10000,2,49971380,145492
05-18 16:10:26,0,10000,2,49968196,151124
05-18 16:10:27,0,10000,2,49964676,156756
05-18 16:10:28,0,10000,2,49959744,161108
05-18 16:10:29,0,10000,2,49955720,161108
05-18 16:10:30,0,10000,2,49950208,164436
05-18 16:10:31,0,10000,2,49944404,164948
05-18 16:10:32,0,10000,2,49942388,164948
05-18 16:10:33,0,10000,2,49939516,164948
05-18 16:10:34,0,10000,2,49937208,165204
05-18 16:10:35,0,10000,2,49937760,165204
05-18 16:10:36,0,10000,2,49935888,165716
05-18 16:10:37,1,10000,2,50072984,16640
05-18 16:10:38,1,10000,2,50034808,60672
05-18 16:10:39,1,10000,2,50027764,71812
05-18 16:10:40,1,10000,2,50015924,76932
05-18 16:10:41,1,10000,2,50003072,82564
05-18 16:10:42,1,10000,2,50002656,87404
05-18 16:10:43,1,10000,2,49996072,91144
05-18 16:10:44,1,10000,2,49994060,96776
05-18 16:10:45,1,10000,2,49984232,101896
05-18 16:10:46,1,10000,2,49986776,107784
05-18 16:10:47,1,10000,2,49976952,113160
05-18 16:10:48,1,10000,2,49976448,118024
05-18 16:10:49,1,10000,2,49968132,123912
05-18 16:10:50,1,10000,2,49967292,129032
05-18 16:10:51,1,10000,2,49960280,134664
05-18 16:10:52,1,10000,2,49954868,139784
05-18 16:10:53,1,10000,2,49947828,146440
05-18 16:10:54,1,10000,2,49947752,151304
05-18 16:10:55,1,10000,2,49947664,156680
05-18 16:10:56,1,10000,2,49944136,158216
05-18 16:10:57,1,10000,2,49941836,159496
05-18 16:10:58,1,10000,2,49938944,162312
05-18 16:10:59,1,10000,2,49937600,162312
05-18 16:11:00,1,10000,2,49936340,162312
05-18 16:11:01,1,10000,2,49932056,162312
05-18 16:11:02,1,10000,2,49929928,162312
05-18 16:11:03,1,10000,2,49933604,162312
05-18 16:11:04,1,10000,2,49931368,162312
05-18 16:11:05,1,10000,2,49930632,162312
05-18 16:11:06,2,10000,2,50075764,15104
05-18 16:11:07,2,10000,2,50032196,59044
05-18 16:11:08,2,10000,2,50018596,67600
05-18 16:11:09,2,10000,2,50014480,72464
05-18 16:11:11,2,10000,2,50008400,77328
05-18 16:11:12,2,10000,2,49999508,83508
05-18 16:11:13,2,10000,2,49998200,88884
05-18 16:11:14,2,10000,2,49998596,94516
05-18 16:11:15,2,10000,2,49990552,100660
05-18 16:11:16,2,10000,2,49986492,106548
05-18 16:11:17,2,10000,2,49984564,111572
05-18 16:11:18,2,10000,2,49983200,116436
05-18 16:11:19,2,10000,2,49969844,122836
05-18 16:11:20,2,10000,2,49965720,127700
05-18 16:11:21,2,10000,2,49964912,133588
05-18 16:11:22,2,10000,2,49965560,140500
05-18 16:11:23,2,10000,2,49957264,145620
05-18 16:11:24,2,10000,2,49946688,151508
05-18 16:11:25,2,10000,2,49947588,157140
05-18 16:11:26,2,10000,2,49943168,160980
05-18 16:11:27,2,10000,2,49929648,160980
05-18 16:11:28,2,10000,2,49929328,160980
05-18 16:11:29,2,10000,2,49930348,161236
05-18 16:11:30,2,10000,2,49931728,161236
05-18 16:11:31,2,10000,2,49928488,161236
05-18 16:11:32,2,10000,2,49936040,162004
05-18 16:11:33,2,10000,2,49930780,162260
05-18 16:11:34,2,10000,2,49930052,162260
05-18 16:11:35,2,10000,2,49931064,162260
05-18 16:11:36,0,10000,4,50075140,16384
05-18 16:11:37,0,10000,4,50021420,66168
05-18 16:11:38,0,10000,4,50006804,81908
05-18 16:11:39,0,10000,4,49991064,93428
05-18 16:11:40,0,10000,4,49972920,104948
05-18 16:11:41,0,10000,4,49955956,117492
05-18 16:11:42,0,10000,4,49947216,127448
05-18 16:11:43,0,10000,4,49934180,139224
05-18 16:11:44,0,10000,4,49915768,150744
05-18 16:11:45,0,10000,4,49906444,162008
05-18 16:11:46,0,10000,4,49904080,161288
05-18 16:11:47,0,10000,4,49902068,162568
05-18 16:11:48,0,10000,4,49902364,162568
05-18 16:11:49,0,10000,4,49895452,164104
05-18 16:11:50,1,10000,4,50038100,16896
05-18 16:11:51,1,10000,4,49991808,70212
05-18 16:11:52,1,10000,4,49969756,91872
05-18 16:11:53,1,10000,4,49958688,103136
05-18 16:11:54,1,10000,4,49932584,114400
05-18 16:11:55,1,10000,4,49927576,126432
05-18 16:11:56,1,10000,4,49917820,131624
05-18 16:11:57,1,10000,4,49905864,143144
05-18 16:11:58,1,10000,4,49893912,154152
05-18 16:11:59,1,10000,4,49877948,165160
05-18 16:12:00,1,10000,4,49875656,166696
05-18 16:12:01,1,10000,4,49871156,168488
05-18 16:12:02,1,10000,4,49872492,168488
05-18 16:12:03,1,10000,4,49875168,168488
05-18 16:12:04,2,10000,4,50010820,15872
05-18 16:12:05,2,10000,4,49963332,71760
05-18 16:12:06,2,10000,4,49949112,90448
05-18 16:12:07,2,10000,4,49934672,102480
05-18 16:12:08,2,10000,4,49906432,112976
05-18 16:12:09,2,10000,4,49903696,123824
05-18 16:12:10,2,10000,4,49887736,135600
05-18 16:12:11,2,10000,4,49884088,148400
05-18 16:12:13,2,10000,4,49866196,160944
05-18 16:12:14,2,10000,4,49862520,170672
05-18 16:12:15,2,10000,4,49861852,168844
05-18 16:12:16,2,10000,4,49861020,170892
05-18 16:12:17,2,10000,4,49861524,170892
05-18 16:12:18,2,10000,4,49850340,170892
05-18 16:12:19,0,10000,8,49993992,15872
05-18 16:12:20,0,10000,8,49957188,75864
05-18 16:12:21,0,10000,8,49928212,96280
05-18 16:12:22,0,10000,8,49896420,115480
05-18 16:12:23,0,10000,8,49885376,135192
05-18 16:12:24,0,10000,8,49873344,154904
05-18 16:12:25,0,10000,8,49862440,155176
05-18 16:12:26,0,10000,8,49855132,155176
05-18 16:12:27,0,10000,8,49853192,156712
05-18 16:12:28,1,10000,8,50004432,16128
05-18 16:12:29,1,10000,8,49956832,76404
05-18 16:12:30,1,10000,8,49926128,99188
05-18 16:12:31,1,10000,8,49908688,119412
05-18 16:12:32,1,10000,8,49879204,141428
05-18 16:12:33,1,10000,8,49871672,156028
05-18 16:12:34,1,10000,8,49870604,159100
05-18 16:12:35,1,10000,8,49872448,159612
05-18 16:12:36,2,10000,8,50010600,15872
05-18 16:12:37,2,10000,8,49961352,78628
05-18 16:12:38,2,10000,8,49936088,102940
05-18 16:12:39,2,10000,8,49905548,126492
05-18 16:12:40,2,10000,8,49882620,149532
05-18 16:12:41,2,10000,8,49862980,159516
05-18 16:12:42,2,10000,8,49865064,158132
05-18 16:12:43,2,10000,8,49866384,158132
05-18 16:12:44,0,10000,16,50003292,13056
05-18 16:12:45,0,10000,16,49941788,95072
05-18 16:12:46,0,10000,16,49890132,144224
05-18 16:12:47,0,10000,16,49840956,165728
05-18 16:12:48,1,10000,16,49981820,16640
05-18 16:12:49,1,10000,16,49926636,88888
05-18 16:12:50,1,10000,16,49889484,131896
05-18 16:12:51,1,10000,16,49845812,158520
05-18 16:12:52,1,10000,16,49841964,160312
05-18 16:12:53,2,10000,16,49968884,18176
05-18 16:12:54,2,10000,16,49921180,87736
05-18 16:12:55,2,10000,16,49873740,131508
05-18 16:12:56,2,10000,16,49845844,161204
05-18 16:12:57,2,10000,16,49841304,163764
05-18 16:12:58,0,10000,32,49981676,17408
05-18 16:12:59,0,10000,32,49908092,111752
05-18 16:13:00,0,10000,32,49844000,176008
05-18 16:13:01,1,10000,32,49993016,15872
05-18 16:13:02,1,10000,32,49920964,103948
05-18 16:13:03,1,10000,32,49870176,159500
05-18 16:13:04,2,10000,32,49974348,14336
05-18 16:13:05,2,10000,32,49882368,117388
05-18 16:13:06,2,10000,32,49829012,171404
05-18 16:13:07,0,12500,1,49977652,16128
05-18 16:13:08,0,12500,1,49950400,55808
05-18 16:13:10,0,12500,1,49953796,58252
05-18 16:13:11,0,12500,1,49949356,62012
05-18 16:13:12,0,12500,1,49953352,66832
05-18 16:13:13,0,12500,1,49944708,69392
05-18 16:13:14,0,12500,1,49946892,70928
05-18 16:13:15,0,12500,1,49950608,72464
05-18 16:13:16,0,12500,1,49946372,76048
05-18 16:13:17,0,12500,1,49945552,78096
05-18 16:13:18,0,12500,1,49944852,81424
05-18 16:13:19,0,12500,1,49937560,83472
05-18 16:13:20,0,12500,1,49939796,86288
05-18 16:13:21,0,12500,1,49940436,89104
05-18 16:13:22,0,12500,1,49941620,91920
05-18 16:13:23,0,12500,1,49942508,93456
05-18 16:13:24,0,12500,1,49934264,94992
05-18 16:13:25,0,12500,1,49934856,97808
05-18 16:13:26,0,12500,1,49937584,100624
05-18 16:13:27,0,12500,1,49937756,102672
05-18 16:13:28,0,12500,1,49938008,103164
05-18 16:13:29,0,12500,1,49928948,105980
05-18 16:13:30,0,12500,1,49933468,108028
05-18 16:13:31,0,12500,1,49934476,110588
05-18 16:13:32,0,12500,1,49935232,112124
05-18 16:13:33,0,12500,1,49928296,114684
05-18 16:13:34,0,12500,1,49928800,116476
05-18 16:13:35,0,12500,1,49929052,119292
05-18 16:13:36,0,12500,1,49930084,120828
05-18 16:13:37,0,12500,1,49927720,122364
05-18 16:13:38,0,12500,1,49920064,125180
05-18 16:13:39,0,12500,1,49920420,127228
05-18 16:13:40,0,12500,1,49921428,129788
05-18 16:13:41,0,12500,1,49921428,131324
05-18 16:13:42,0,12500,1,49920424,133884
05-18 16:13:43,0,12500,1,49912864,135932
05-18 16:13:44,0,12500,1,49912612,138748
05-18 16:13:45,0,12500,1,49913224,140284
05-18 16:13:46,0,12500,1,49916032,141820
05-18 16:13:47,0,12500,1,49906968,144636
05-18 16:13:48,0,12500,1,49908328,146684
05-18 16:13:49,0,12500,1,49908832,149244
05-18 16:13:50,0,12500,1,49909984,150780
05-18 16:13:51,0,12500,1,49911960,153340
05-18 16:13:52,0,12500,1,49902636,155388
05-18 16:13:53,0,12500,1,49901884,158204
05-18 16:13:54,0,12500,1,49902784,161532
05-18 16:13:55,0,12500,1,49902028,161788
05-18 16:13:56,0,12500,1,49901408,163580
05-18 16:13:57,0,12500,1,49903172,163580
05-18 16:13:58,0,12500,1,49903676,163580
05-18 16:13:59,0,12500,1,49904256,163580
05-18 16:14:00,0,12500,1,49905516,164092
05-18 16:14:01,0,12500,1,49904136,164604
05-18 16:14:02,0,12500,1,49904900,164604
05-18 16:14:03,0,12500,1,49905108,164604
05-18 16:14:04,0,12500,1,49905516,164604
05-18 16:14:05,0,12500,1,49906020,164604
05-18 16:14:06,0,12500,1,49907280,164604
05-18 16:14:07,0,12500,1,49907028,164604
05-18 16:14:08,0,12500,1,49906788,164604
05-18 16:14:09,0,12500,1,49907800,164604
05-18 16:14:10,0,12500,1,49909040,164604
05-18 16:14:11,0,12500,1,49909312,164604
05-18 16:14:12,0,12500,1,49910824,164604
05-18 16:14:14,0,12500,1,49910572,164604
05-18 16:14:15,0,12500,1,49910824,164604
05-18 16:14:16,0,12500,1,49911380,164604
05-18 16:14:17,0,12500,1,49912756,164604
05-18 16:14:18,0,12500,1,49912504,164604
05-18 16:14:19,0,12500,1,49913968,164604
05-18 16:14:20,0,12500,1,49913848,164604
05-18 16:14:21,0,12500,1,49914892,164604
05-18 16:14:22,0,12500,1,49915796,164604
05-18 16:14:23,0,12500,1,49916052,164604
05-18 16:14:24,0,12500,1,49916312,164604
05-18 16:14:25,0,12500,1,49917492,164604
05-18 16:14:26,0,12500,1,49917496,164604
05-18 16:14:27,0,12500,1,49918584,164604
05-18 16:14:28,0,12500,1,49918148,164604
05-18 16:14:29,0,12500,1,49918584,164604
05-18 16:14:30,0,12500,1,49919764,164604
05-18 16:14:31,0,12500,1,49919672,164604
05-18 16:14:32,0,12500,1,49920704,164604
05-18 16:14:33,0,12500,1,49921404,164604
05-18 16:14:34,0,12500,1,49922196,164604
05-18 16:14:35,0,12500,1,49922592,164604
05-18 16:14:36,0,12500,1,49922624,164604
05-18 16:14:37,0,12500,1,49921936,164604
05-18 16:14:38,1,12500,1,50055428,16896
05-18 16:14:39,1,12500,1,50019960,55808
05-18 16:14:40,1,12500,1,50016092,59392
05-18 16:14:41,1,12500,1,50009720,63464
05-18 16:14:42,1,12500,1,50008680,68588
05-18 16:14:43,1,12500,1,49997916,71404
05-18 16:14:44,1,12500,1,49998300,69368
05-18 16:14:45,1,12500,1,49998160,70648
05-18 16:14:46,1,12500,1,49996996,74232
05-18 16:14:47,1,12500,1,49998760,76280
05-18 16:14:48,1,12500,1,49991852,80328
05-18 16:14:49,1,12500,1,49991624,82632
05-18 16:14:50,1,12500,1,49992128,85448
05-18 16:14:51,1,12500,1,49992060,88264
05-18 16:14:52,1,12500,1,49990628,90824
05-18 16:14:53,1,12500,1,49983160,92360
05-18 16:14:54,1,12500,1,49982912,93896
05-18 16:14:55,1,12500,1,49982444,96712
05-18 16:14:56,1,12500,1,49983544,99784
05-18 16:14:57,1,12500,1,49981312,101576
05-18 16:14:58,1,12500,1,49980892,101220
05-18 16:14:59,1,12500,1,49973216,104036
05-18 16:15:00,1,12500,1,49973624,106084
05-18 16:15:01,1,12500,1,49972804,108644
05-18 16:15:02,1,12500,1,49972464,110180
05-18 16:15:03,1,12500,1,49972468,112740
05-18 16:15:04,1,12500,1,49965168,114788
05-18 16:15:05,1,12500,1,49964484,117860
05-18 16:15:06,1,12500,1,49964824,119396
05-18 16:15:07,1,12500,1,49963612,120676
05-18 16:15:08,1,12500,1,49962860,123748
05-18 16:15:09,1,12500,1,49955172,125540
05-18 16:15:10,1,12500,1,49955384,128356
05-18 16:15:11,1,12500,1,49955384,129892
05-18 16:15:12,1,12500,1,49955236,132452
05-18 16:15:13,1,12500,1,49947184,134500
05-18 16:15:14,1,12500,1,49946436,137316
05-18 16:15:15,1,12500,1,49945460,138852
05-18 16:15:16,1,12500,1,49946808,140388
05-18 16:15:17,1,12500,1,49945336,143204
05-18 16:15:19,1,12500,1,49937776,145252
05-18 16:15:20,1,12500,1,49938284,147812
05-18 16:15:21,1,12500,1,49938196,149348
05-18 16:15:22,1,12500,1,49938204,152164
05-18 16:15:23,1,12500,1,49938556,154212
05-18 16:15:24,1,12500,1,49928956,156772
05-18 16:15:25,1,12500,1,49928956,159588
05-18 16:15:26,1,12500,1,49928780,159588
05-18 16:15:27,1,12500,1,49928872,161636
05-18 16:15:28,1,12500,1,49927916,161636
05-18 16:15:29,1,12500,1,49927896,161636
05-18 16:15:30,1,12500,1,49928508,161636
05-18 16:15:31,1,12500,1,49929396,161636
05-18 16:15:32,1,12500,1,49929400,161636
05-18 16:15:33,1,12500,1,49929208,161636
05-18 16:15:34,1,12500,1,49928956,161636
05-18 16:15:35,1,12500,1,49930240,161636
05-18 16:15:36,1,12500,1,49930012,161636
05-18 16:15:37,1,12500,1,49930004,161636
05-18 16:15:38,1,12500,1,49930004,161636
05-18 16:15:39,1,12500,1,49929280,161636
05-18 16:15:40,1,12500,1,49928088,162148
05-18 16:15:41,1,12500,1,49928596,162660
05-18 16:15:42,1,12500,1,49928948,162660
05-18 16:15:43,1,12500,1,49928052,162660
05-18 16:15:44,1,12500,1,49927548,162660
05-18 16:15:45,1,12500,1,49928044,162660
05-18 16:15:46,1,12500,1,49929636,162660
05-18 16:15:47,1,12500,1,49928380,162660
05-18 16:15:48,1,12500,1,49927372,162660
05-18 16:15:49,1,12500,1,49927992,162660
05-18 16:15:50,1,12500,1,49928524,162660
05-18 16:15:51,1,12500,1,49928748,162660
05-18 16:15:52,1,12500,1,49928560,162660
05-18 16:15:53,1,12500,1,49928156,162916
05-18 16:15:54,1,12500,1,49928996,162916
05-18 16:15:55,1,12500,1,49929508,162916
05-18 16:15:56,1,12500,1,49929440,162916
05-18 16:15:57,1,12500,1,49930480,162916
05-18 16:15:58,1,12500,1,49930252,162916
05-18 16:15:59,1,12500,1,49930836,162916
05-18 16:16:00,1,12500,1,49930836,162916
05-18 16:16:01,1,12500,1,49930564,162916
05-18 16:16:02,1,12500,1,49930728,162916
05-18 16:16:03,1,12500,1,49931560,162916
05-18 16:16:04,1,12500,1,49931568,162916
05-18 16:16:05,1,12500,1,49931764,162916
05-18 16:16:06,1,12500,1,49931264,162916
05-18 16:16:07,1,12500,1,49931996,162916
05-18 16:16:08,2,12500,1,50064524,16640
05-18 16:16:09,2,12500,1,50034604,55296
05-18 16:16:10,2,12500,1,50024788,57712
05-18 16:16:11,2,12500,1,50020628,62092
05-18 16:16:12,2,12500,1,50007048,68244
05-18 16:16:13,2,12500,1,50003520,70804
05-18 16:16:14,2,12500,1,50003772,72340
05-18 16:16:15,2,12500,1,49999804,73876
05-18 16:16:16,2,12500,1,49998988,77460
05-18 16:16:17,2,12500,1,49990996,79508
05-18 16:16:18,2,12500,1,49990516,80456
05-18 16:16:19,2,12500,1,49989832,82504
05-18 16:16:20,2,12500,1,49988644,85064
05-18 16:16:21,2,12500,1,49989208,87880
05-18 16:16:23,2,12500,1,49978180,90696
05-18 16:16:24,2,12500,1,49978180,92232
05-18 16:16:25,2,12500,1,49978636,94024
05-18 16:16:26,2,12500,1,49978636,97096
05-18 16:16:27,2,12500,1,49969140,99912
05-18 16:16:28,2,12500,1,49969392,101704
05-18 16:16:29,2,12500,1,49969724,103240
05-18 16:16:30,2,12500,1,49968396,106056
05-18 16:16:31,2,12500,1,49968912,108104
05-18 16:16:32,2,12500,1,49961920,110664
05-18 16:16:33,2,12500,1,49961840,112200
05-18 16:16:34,2,12500,1,49961084,114760
05-18 16:16:35,2,12500,1,49961596,116552
05-18 16:16:36,2,12500,1,49961596,119624
05-18 16:16:37,2,12500,1,49954648,121160
05-18 16:16:38,2,12500,1,49954156,122696
05-18 16:16:39,2,12500,1,49956116,125512
05-18 16:16:40,2,12500,1,49956596,127560
05-18 16:16:41,2,12500,1,49947816,130120
05-18 16:16:42,2,12500,1,49947624,131656
05-18 16:16:43,2,12500,1,49946612,134216
05-18 16:16:44,2,12500,1,49950784,136264
05-18 16:16:45,2,12500,1,49949524,139080
05-18 16:16:46,2,12500,1,49940796,140616
05-18 16:16:47,2,12500,1,49940324,142152
05-18 16:16:48,2,12500,1,49938812,145224
05-18 16:16:49,2,12500,1,49938308,147272
05-18 16:16:50,2,12500,1,49937804,149576
05-18 16:16:51,2,12500,1,49930496,151112
05-18 16:16:52,2,12500,1,49927960,153672
05-18 16:16:53,2,12500,1,49926964,155720
05-18 16:16:54,2,12500,1,49927216,158536
05-18 16:16:55,2,12500,1,49927444,160584
05-18 16:16:56,2,12500,1,49918400,160840
05-18 16:16:57,2,12500,1,49917644,162632
05-18 16:16:58,2,12500,1,49913912,162632
05-18 16:16:59,2,12500,1,49914132,162632
05-18 16:17:00,2,12500,1,49914948,162632
05-18 16:17:01,2,12500,1,49914516,163144
05-18 16:17:02,2,12500,1,49912720,163656
05-18 16:17:03,2,12500,1,49912972,163656
05-18 16:17:04,2,12500,1,49913432,163656
05-18 16:17:05,2,12500,1,49913556,163656
05-18 16:17:06,2,12500,1,49914588,163656
05-18 16:17:07,2,12500,1,49914680,163656
05-18 16:17:08,2,12500,1,49914976,163656
05-18 16:17:09,2,12500,1,49915228,163656
05-18 16:17:10,2,12500,1,49915492,163656
05-18 16:17:11,2,12500,1,49915776,163656
05-18 16:17:12,2,12500,1,49916384,163656
05-18 16:17:13,2,12500,1,49916692,163656
05-18 16:17:14,2,12500,1,49917784,163656
05-18 16:17:15,2,12500,1,49918304,163656
05-18 16:17:16,2,12500,1,49918800,163656
05-18 16:17:17,2,12500,1,49918552,163656
05-18 16:17:18,2,12500,1,49918816,163656
05-18 16:17:19,2,12500,1,49918776,163656
05-18 16:17:20,2,12500,1,49919132,163656
05-18 16:17:21,2,12500,1,49920236,163656
05-18 16:17:22,2,12500,1,49920452,163912
05-18 16:17:23,2,12500,1,49920772,163912
05-18 16:17:24,2,12500,1,49920772,163912
05-18 16:17:25,2,12500,1,49921020,163912
05-18 16:17:26,2,12500,1,49921020,163912
05-18 16:17:28,2,12500,1,49919760,163912
05-18 16:17:29,2,12500,1,49919004,163912
05-18 16:17:30,2,12500,1,49919264,163912
05-18 16:17:31,2,12500,1,49919064,163912
05-18 16:17:32,2,12500,1,49919820,163912
05-18 16:17:33,2,12500,1,49920028,163912
05-18 16:17:34,2,12500,1,49920208,163912
05-18 16:17:35,2,12500,1,49920784,163912
05-18 16:17:36,2,12500,1,49921088,163912
05-18 16:17:37,2,12500,1,49921696,163912
05-18 16:17:38,2,12500,1,49920216,163912
05-18 16:17:39,0,12500,2,50059492,15616
05-18 16:17:40,0,12500,2,50023956,58392
05-18 16:17:41,0,12500,2,50023644,63792
05-18 16:17:42,0,12500,2,50015444,71360
05-18 16:17:43,0,12500,2,50013500,75712
05-18 16:17:44,0,12500,2,50000776,80576
05-18 16:17:45,0,12500,2,49996824,84024
05-18 16:17:46,0,12500,2,49992380,90168
05-18 16:17:47,0,12500,2,49984316,93496
05-18 16:17:48,0,12500,2,49976040,98360
05-18 16:17:49,0,12500,2,49976624,102456
05-18 16:17:50,0,12500,2,49976204,107064
05-18 16:17:51,0,12500,2,49977312,111416
05-18 16:17:52,0,12500,2,49968996,115512
05-18 16:17:53,0,12500,2,49964464,120120
05-18 16:17:54,0,12500,2,49969428,124728
05-18 16:17:55,0,12500,2,49961440,129336
05-18 16:17:56,0,12500,2,49953616,132664
05-18 16:17:57,0,12500,2,49943764,137528
05-18 16:17:58,0,12500,2,49943072,141880
05-18 16:17:59,0,12500,2,49943932,146744
05-18 16:18:00,0,12500,2,49943716,150584
05-18 16:18:01,0,12500,2,49935320,155192
05-18 16:18:02,0,12500,2,49930808,161592
05-18 16:18:03,0,12500,2,49931584,163640
05-18 16:18:04,0,12500,2,49931424,163640
05-18 16:18:05,0,12500,2,49932380,164664
05-18 16:18:06,0,12500,2,49932768,164664
05-18 16:18:07,0,12500,2,49930944,164664
05-18 16:18:08,0,12500,2,49929016,164664
05-18 16:18:09,0,12500,2,49928768,164664
05-18 16:18:10,0,12500,2,49928148,164664
05-18 16:18:11,0,12500,2,49923752,165176
05-18 16:18:12,0,12500,2,49922888,165176
05-18 16:18:13,0,12500,2,49920444,165176
05-18 16:18:14,0,12500,2,49927812,165176
05-18 16:18:15,0,12500,2,49928380,165176
05-18 16:18:16,0,12500,2,49927940,165176
05-18 16:18:17,0,12500,2,49928696,165176
05-18 16:18:18,0,12500,2,49931212,165176
05-18 16:18:19,0,12500,2,49931828,165176
05-18 16:18:20,0,12500,2,49932900,165176
05-18 16:18:21,0,12500,2,49933152,165176
05-18 16:18:22,0,12500,2,49933736,165176
05-18 16:18:23,0,12500,2,49934024,165432
05-18 16:18:24,1,12500,2,50078848,15616
05-18 16:18:25,1,12500,2,50050484,57696
05-18 16:18:26,1,12500,2,50035112,63668
05-18 16:18:27,1,12500,2,50028168,71380
05-18 16:18:28,1,12500,2,50027932,75476
05-18 16:18:29,1,12500,2,50024772,79972
05-18 16:18:30,1,12500,2,50021144,84580
05-18 16:18:32,1,12500,2,50009308,90980
05-18 16:18:33,1,12500,2,50002460,94820
05-18 16:18:34,1,12500,2,50000952,100452
05-18 16:18:35,1,12500,2,49992164,100688
05-18 16:18:36,1,12500,2,49990904,105552
05-18 16:18:37,1,12500,2,49983092,109904
05-18 16:18:38,1,12500,2,49978320,114768
05-18 16:18:39,1,12500,2,49972680,119632
05-18 16:18:40,1,12500,2,49970016,123984
05-18 16:18:41,1,12500,2,49961996,129360
05-18 16:18:42,1,12500,2,49955208,132688
05-18 16:18:43,1,12500,2,49953484,138576
05-18 16:18:44,1,12500,2,49953740,141648
05-18 16:18:45,1,12500,2,49952304,146768
05-18 16:18:46,1,12500,2,49943156,150864
05-18 16:18:47,1,12500,2,49935160,155728
05-18 16:18:48,1,12500,2,49932916,162640
05-18 16:18:49,1,12500,2,49932160,164688
05-18 16:18:50,1,12500,2,49931504,164688
05-18 16:18:51,1,12500,2,49929324,164688
05-18 16:18:52,1,12500,2,49930040,164688
05-18 16:18:53,1,12500,2,49927520,164688
05-18 16:18:54,1,12500,2,49926244,164688
05-18 16:18:55,1,12500,2,49926496,164688
05-18 16:18:56,1,12500,2,49926496,164688
05-18 16:18:57,1,12500,2,49927864,164688
05-18 16:18:58,1,12500,2,49927360,164688
05-18 16:18:59,1,12500,2,49926616,164688
05-18 16:19:00,1,12500,2,49927740,164688
05-18 16:19:01,1,12500,2,49928248,164688
05-18 16:19:02,1,12500,2,49927344,164688
05-18 16:19:03,1,12500,2,49927344,164688
05-18 16:19:04,1,12500,2,49927344,164688
05-18 16:19:05,1,12500,2,49927948,164688
05-18 16:19:06,1,12500,2,49928240,164688
05-18 16:19:07,1,12500,2,49928608,164688
05-18 16:19:08,1,12500,2,49930364,164688
05-18 16:19:09,1,12500,2,49930140,164688
05-18 16:19:10,2,12500,2,50063832,15360
05-18 16:19:11,2,12500,2,50029248,58880
05-18 16:19:12,2,12500,2,50021944,63872
05-18 16:19:13,2,12500,2,50012192,70296
05-18 16:19:14,2,12500,2,50002376,74392
05-18 16:19:15,2,12500,2,50002112,79256
05-18 16:19:16,2,12500,2,49994076,82236
05-18 16:19:17,2,12500,2,49990992,88124
05-18 16:19:18,2,12500,2,49981428,90684
05-18 16:19:19,2,12500,2,49975632,96572
05-18 16:19:20,2,12500,2,49974120,100924
05-18 16:19:21,2,12500,2,49972412,105276
05-18 16:19:22,2,12500,2,49972096,109628
05-18 16:19:23,2,12500,2,49967416,113980
05-18 16:19:24,2,12500,2,49966912,119100
05-18 16:19:25,2,12500,2,49962080,122684
05-18 16:19:26,2,12500,2,49953520,128060
05-18 16:19:27,2,12500,2,49945008,130620
05-18 16:19:28,2,12500,2,49945132,135740
05-18 16:19:29,2,12500,2,49946644,139324
05-18 16:19:30,2,12500,2,49948124,143932
05-18 16:19:31,2,12500,2,49939960,147772
05-18 16:19:32,2,12500,2,49938712,152124
05-18 16:19:33,2,12500,2,49937532,158268
05-18 16:19:34,2,12500,2,49933524,160316
05-18 16:19:35,2,12500,2,49933776,160316
05-18 16:19:37,2,12500,2,49932624,161340
05-18 16:19:38,2,12500,2,49929912,163132
05-18 16:19:39,2,12500,2,49929912,163132
05-18 16:19:40,2,12500,2,49928748,163900
05-18 16:19:41,2,12500,2,49926792,163900
05-18 16:19:42,2,12500,2,49929052,163900
05-18 16:19:43,2,12500,2,49929768,163900
05-18 16:19:44,2,12500,2,49929024,163900
05-18 16:19:45,2,12500,2,49928496,163900
05-18 16:19:46,2,12500,2,49929112,163900
05-18 16:19:47,2,12500,2,49919576,163900
05-18 16:19:48,2,12500,2,49920016,163900
05-18 16:19:49,2,12500,2,49919116,163900
05-18 16:19:50,2,12500,2,49920336,163900
05-18 16:19:51,2,12500,2,49923412,163900
05-18 16:19:52,2,12500,2,49924516,163900
05-18 16:19:53,2,12500,2,49923976,163900
05-18 16:19:54,2,12500,2,49925632,163900
05-18 16:19:55,2,12500,2,49925544,164412
05-18 16:19:56,0,12500,4,50054308,16384
05-18 16:19:57,0,12500,4,50019776,63856
05-18 16:19:58,0,12500,4,50005112,76012
05-18 16:19:59,0,12500,4,49993464,85996
05-18 16:20:00,0,12500,4,49989284,95212
05-18 16:20:01,0,12500,4,49976344,103936
05-18 16:20:02,0,12500,4,49958816,112896
05-18 16:20:03,0,12500,4,49947728,122368
05-18 16:20:04,0,12500,4,49933056,131584
05-18 16:20:05,0,12500,4,49930164,140800
05-18 16:20:06,0,12500,4,49918452,148976
05-18 16:20:07,0,12500,4,49911776,159216
05-18 16:20:08,0,12500,4,49909828,161008
05-18 16:20:09,0,12500,4,49907040,162800
05-18 16:20:10,0,12500,4,49898268,163824
05-18 16:20:11,0,12500,4,49902484,163824
05-18 16:20:12,0,12500,4,49902196,163824
05-18 16:20:13,0,12500,4,49896604,163824
05-18 16:20:14,0,12500,4,49901284,163824
05-18 16:20:15,0,12500,4,49906256,163824
05-18 16:20:16,0,12500,4,49906512,163824
05-18 16:20:17,1,12500,4,50044464,16384
05-18 16:20:18,1,12500,4,50009908,66108
05-18 16:20:19,1,12500,4,50009544,76296
05-18 16:20:20,1,12500,4,49997476,85040
05-18 16:20:21,1,12500,4,49994404,94000
05-18 16:20:22,1,12500,4,49975256,101976
05-18 16:20:23,1,12500,4,49966000,111192
05-18 16:20:24,1,12500,4,49963468,120408
05-18 16:20:25,1,12500,4,49958936,129624
05-18 16:20:26,1,12500,4,49948604,138584
05-18 16:20:27,1,12500,4,49930964,149592
05-18 16:20:28,1,12500,4,49909044,160856
05-18 16:20:29,1,12500,4,49915084,162648
05-18 16:20:30,1,12500,4,49921316,164696
05-18 16:20:31,1,12500,4,49920460,164696
05-18 16:20:32,1,12500,4,49920976,164696
05-18 16:20:33,1,12500,4,49920284,164696
05-18 16:20:34,1,12500,4,49923012,167000
05-18 16:20:35,1,12500,4,49921584,167000
05-18 16:20:36,1,12500,4,49916476,167000
05-18 16:20:37,1,12500,4,49909712,167000
05-18 16:20:39,2,12500,4,50047164,16896
05-18 16:20:40,2,12500,4,50005336,67460
05-18 16:20:41,2,12500,4,49997276,77236
05-18 16:20:42,2,12500,4,49984508,86196
05-18 16:20:43,2,12500,4,49971404,95412
05-18 16:20:44,2,12500,4,49968540,103120
05-18 16:20:45,2,12500,4,49949040,112080
05-18 16:20:46,2,12500,4,49942740,121808
05-18 16:20:47,2,12500,4,49934368,131024
05-18 16:20:48,2,12500,4,49926316,139984
05-18 16:20:49,2,12500,4,49904764,149968
05-18 16:20:50,2,12500,4,49889976,160720
05-18 16:20:51,2,12500,4,49879896,162256
05-18 16:20:52,2,12500,4,49880656,164304
05-18 16:20:53,2,12500,4,49885620,164560
05-18 16:20:54,2,12500,4,49881608,164560
05-18 16:20:55,2,12500,4,49894708,164560
05-18 16:20:56,2,12500,4,49881964,165328
05-18 16:20:57,2,12500,4,49883476,165328
05-18 16:20:58,2,12500,4,49902264,165328
05-18 16:20:59,2,12500,4,49900400,165328
05-18 16:21:00,0,12500,8,50024508,17664
05-18 16:21:01,0,12500,8,49987348,72256
05-18 16:21:02,0,12500,8,49971140,92192
05-18 16:21:03,0,12500,8,49935608,111392
05-18 16:21:04,0,12500,8,49912072,130848
05-18 16:21:05,0,12500,8,49881164,148344
05-18 16:21:06,0,12500,8,49869068,154232
05-18 16:21:07,0,12500,8,49861508,156280
05-18 16:21:08,0,12500,8,49863816,156280
05-18 16:21:09,0,12500,8,49868040,156536
05-18 16:21:10,0,12500,8,49867692,157124
05-18 16:21:11,1,12500,8,49996516,13824
05-18 16:21:12,1,12500,8,49959508,70472
05-18 16:21:13,1,12500,8,49944772,88480
05-18 16:21:14,1,12500,8,49928912,103484
05-18 16:21:15,1,12500,8,49911280,119612
05-18 16:21:16,1,12500,8,49890616,136252
05-18 16:21:17,1,12500,8,49861692,155964
05-18 16:21:18,1,12500,8,49864696,158012
05-18 16:21:19,1,12500,8,49865788,160060
05-18 16:21:20,1,12500,8,49861620,161852
05-18 16:21:21,1,12500,8,49859036,161852
05-18 16:21:22,1,12500,8,49861464,161852
05-18 16:21:23,1,12500,8,49853040,169020
05-18 16:21:24,2,12500,8,49998984,16896
05-18 16:21:25,2,12500,8,49966468,71612
05-18 16:21:26,2,12500,8,49941832,93080
05-18 16:21:27,2,12500,8,49913428,111000
05-18 16:21:28,2,12500,8,49900084,129432
05-18 16:21:29,2,12500,8,49870096,147608
05-18 16:21:30,2,12500,8,49864444,154272
05-18 16:21:31,2,12500,8,49864416,158368
05-18 16:21:32,2,12500,8,49863372,158880
05-18 16:21:33,2,12500,8,49850432,158880
05-18 16:21:34,2,12500,8,49851876,160160
05-18 16:21:35,0,12500,16,49989532,16384
05-18 16:21:36,0,12500,16,49948236,80380
05-18 16:21:37,0,12500,16,49916632,120956
05-18 16:21:38,0,12500,16,49879524,156540
05-18 16:21:39,0,12500,16,49879204,159356
05-18 16:21:40,0,12500,16,49878448,160380
05-18 16:21:42,1,12500,16,50003664,13312
05-18 16:21:43,1,12500,16,49954792,80112
05-18 16:21:44,1,12500,16,49901108,119140
05-18 16:21:45,1,12500,16,49850628,153956
05-18 16:21:46,1,12500,16,49851824,157796
05-18 16:21:47,1,12500,16,49856796,159076
05-18 16:21:48,1,12500,16,49847392,183140
05-18 16:21:49,2,12500,16,50024772,16896
05-18 16:21:50,2,12500,16,49958496,82600
05-18 16:21:51,2,12500,16,49911624,121000
05-18 16:21:52,2,12500,16,49863200,156328
05-18 16:21:53,2,12500,16,49848080,159912
05-18 16:21:54,2,12500,16,49848040,160936
05-18 16:21:55,2,12500,16,49837708,182476
05-18 16:21:56,0,12500,32,49994212,14336
05-18 16:21:57,0,12500,32,49946588,89788
05-18 16:21:58,0,12500,32,49881252,154296
05-18 16:21:59,0,12500,32,49870044,163768
05-18 16:22:00,1,12500,32,50007084,14080
05-18 16:22:01,1,12500,32,49948012,90940
05-18 16:22:02,1,12500,32,49889120,155500
05-18 16:22:03,1,12500,32,49883180,164460
05-18 16:22:04,2,12500,32,50024348,16896
05-18 16:22:05,2,12500,32,49957568,91600
05-18 16:22:06,2,12500,32,49889512,156872
05-18 16:22:07,2,12500,32,49881920,164808
05-18 16:22:08,0,15000,1,50010912,16896
05-18 16:22:09,0,15000,1,49973616,55808
05-18 16:22:10,0,15000,1,49971600,58396
05-18 16:22:11,0,15000,1,49966280,60700
05-18 16:22:12,0,15000,1,49966136,64736
05-18 16:22:13,0,15000,1,49962812,67860
05-18 16:22:14,0,15000,1,49955252,69396
05-18 16:22:15,0,15000,1,49956512,71956
05-18 16:22:16,0,15000,1,49957268,73236
05-18 16:22:17,0,15000,1,49957348,74772
05-18 16:22:18,0,15000,1,49958104,75112
05-18 16:22:19,0,15000,1,49962536,78952
05-18 16:22:20,0,15000,1,49954472,80744
05-18 16:22:21,0,15000,1,49952960,84584
05-18 16:22:22,0,15000,1,49952976,85864
05-18 16:22:23,0,15000,1,49957300,86000
05-18 16:22:24,0,15000,1,49956800,87792
05-18 16:22:25,0,15000,1,49950184,90608
05-18 16:22:26,0,15000,1,49951192,92144
05-18 16:22:27,0,15000,1,49950908,94448
05-18 16:22:28,0,15000,1,49948388,97008
05-18 16:22:29,0,15000,1,49951944,98288
05-18 16:22:30,0,15000,1,49952928,99568
05-18 16:22:31,0,15000,1,49946280,102128
05-18 16:22:32,0,15000,1,49943776,103920
05-18 16:22:33,0,15000,1,49947064,104116
05-18 16:22:34,0,15000,1,49947544,106932
05-18 16:22:35,0,15000,1,49949984,108212
05-18 16:22:36,0,15000,1,49941924,109492
05-18 16:22:37,0,15000,1,49944096,110772
05-18 16:22:38,0,15000,1,49943428,113332
05-18 16:22:39,0,15000,1,49943420,114868
05-18 16:22:41,0,15000,1,49944164,117684
05-18 16:22:42,0,15000,1,49944168,118964
05-18 16:22:43,0,15000,1,49944788,120244
05-18 16:22:44,0,15000,1,49937704,121524
05-18 16:22:45,0,15000,1,49937956,124084
05-18 16:22:46,0,15000,1,49939216,125620
05-18 16:22:47,0,15000,1,49939216,127412
05-18 16:22:48,0,15000,1,49938836,129972
05-18 16:22:49,0,15000,1,49932036,131252
05-18 16:22:50,0,15000,1,49934304,132532
05-18 16:22:51,0,15000,1,49932756,135092
05-18 16:22:52,0,15000,1,49933008,137652
05-18 16:22:53,0,15000,1,49933780,139444
05-18 16:22:54,0,15000,1,49925392,141748
05-18 16:22:55,0,15000,1,49926752,143028
05-18 16:22:56,0,15000,1,49927508,144564
05-18 16:22:57,0,15000,1,49929100,145844
05-18 16:22:58,0,15000,1,49927352,148404
05-18 16:22:59,0,15000,1,49927440,150196
05-18 16:23:00,0,15000,1,49917864,153524
05-18 16:23:01,0,15000,1,49918780,154804
05-18 16:23:02,0,15000,1,49919536,156084
05-18 16:23:03,0,15000,1,49919440,157364
05-18 16:23:04,0,15000,1,49916708,160436
05-18 16:23:05,0,15000,1,49916456,160692
05-18 16:23:06,0,15000,1,49916960,160692
05-18 16:23:07,0,15000,1,49919008,160948
05-18 16:23:08,0,15000,1,49919592,160948
05-18 16:23:09,0,15000,1,49920348,160948
05-18 16:23:10,0,15000,1,49921144,160948
05-18 16:23:11,0,15000,1,49922028,160948
05-18 16:23:12,0,15000,1,49921524,160948
05-18 16:23:13,0,15000,1,49920268,160948
05-18 16:23:14,0,15000,1,49922436,160948
05-18 16:23:15,0,15000,1,49923472,160948
05-18 16:23:16,0,15000,1,49924072,160948
05-18 16:23:17,0,15000,1,49924408,160948
05-18 16:23:18,0,15000,1,49923904,160948
05-18 16:23:19,0,15000,1,49924984,160948
05-18 16:23:20,0,15000,1,49925012,160948
05-18 16:23:21,0,15000,1,49925768,160948
05-18 16:23:22,0,15000,1,49927616,160948
05-18 16:23:23,0,15000,1,49926992,160948
05-18 16:23:24,0,15000,1,49927576,161460
05-18 16:23:25,0,15000,1,49927828,161460
05-18 16:23:26,0,15000,1,49928116,161460
05-18 16:23:27,0,15000,1,49928232,161460
05-18 16:23:28,0,15000,1,49928484,161460
05-18 16:23:29,0,15000,1,49924956,161460
05-18 16:23:30,0,15000,1,49925240,161460
05-18 16:23:31,0,15000,1,49925240,161460
05-18 16:23:32,0,15000,1,49923732,161460
05-18 16:23:33,0,15000,1,49924628,161460
05-18 16:23:34,0,15000,1,49924928,161460
05-18 16:23:35,0,15000,1,49924928,161460
05-18 16:23:36,0,15000,1,49924676,161460
05-18 16:23:37,0,15000,1,49924672,161460
05-18 16:23:38,0,15000,1,49925036,162228
05-18 16:23:39,0,15000,1,49925036,162228
05-18 16:23:40,0,15000,1,49924296,162228
05-18 16:23:41,0,15000,1,49924876,162228
05-18 16:23:42,0,15000,1,49927048,162228
05-18 16:23:43,0,15000,1,49926040,162228
05-18 16:23:44,0,15000,1,49925788,162228
05-18 16:23:46,0,15000,1,49926628,162228
05-18 16:23:47,0,15000,1,49927384,162228
05-18 16:23:48,0,15000,1,49928448,162228
05-18 16:23:49,0,15000,1,49928712,162228
05-18 16:23:50,0,15000,1,49928712,162228
05-18 16:23:51,0,15000,1,49929468,162228
05-18 16:23:52,0,15000,1,49930480,162228
05-18 16:23:53,0,15000,1,49929772,162228
05-18 16:23:54,0,15000,1,49930780,162228
05-18 16:23:55,0,15000,1,49931996,162484
05-18 16:23:56,0,15000,1,49932752,162484
05-18 16:23:57,0,15000,1,49933776,162484
05-18 16:23:58,0,15000,1,49932364,162484
05-18 16:23:59,0,15000,1,49932620,162484
05-18 16:24:00,0,15000,1,49931868,163252
05-18 16:24:01,0,15000,1,49932732,164532
05-18 16:24:02,0,15000,1,49923988,167348
05-18 16:24:03,0,15000,1,49923508,168884
05-18 16:24:04,0,15000,1,49925580,170676
05-18 16:24:05,0,15000,1,49924324,173236
05-18 16:24:06,0,15000,1,49925488,174516
05-18 16:24:07,0,15000,1,49917928,175796
05-18 16:24:08,0,15000,1,49917908,178356
05-18 16:24:09,0,15000,1,49917404,178356
05-18 16:24:10,0,15000,1,49917404,178356
05-18 16:24:11,0,15000,1,49918000,178356
05-18 16:24:12,0,15000,1,49918472,178356
05-18 16:24:13,0,15000,1,49918728,178356
05-18 16:24:14,0,15000,1,49918896,178356
05-18 16:24:15,0,15000,1,49919400,178356
05-18 16:24:16,0,15000,1,49920708,178356
05-18 16:24:17,1,15000,1,50067388,13312
05-18 16:24:18,1,15000,1,50029652,55552
05-18 16:24:19,1,15000,1,50025804,57160
05-18 16:24:20,1,15000,1,50023980,60016
05-18 16:24:21,1,15000,1,50023920,63828
05-18 16:24:22,1,15000,1,50021260,68544
05-18 16:24:23,1,15000,1,50015168,67680
05-18 16:24:24,1,15000,1,50013668,70240
05-18 16:24:25,1,15000,1,50015040,71520
05-18 16:24:26,1,15000,1,50015292,72800
05-18 16:24:27,1,15000,1,50014876,74080
05-18 16:24:28,1,15000,1,50011600,78432
05-18 16:24:29,1,15000,1,50005804,79968
05-18 16:24:30,1,15000,1,50002528,84064
05-18 16:24:31,1,15000,1,50002704,85344
05-18 16:24:32,1,15000,1,50003692,85364
05-18 16:24:33,1,15000,1,50003232,87156
05-18 16:24:34,1,15000,1,49994164,89972
05-18 16:24:35,1,15000,1,49995432,91764
05-18 16:24:36,1,15000,1,49995924,93812
05-18 16:24:37,1,15000,1,49992904,96628
05-18 16:24:38,1,15000,1,49993008,97652
05-18 16:24:39,1,15000,1,49992004,99188
05-18 16:24:40,1,15000,1,49991372,101748
05-18 16:24:41,1,15000,1,49989920,103540
05-18 16:24:42,1,15000,1,49987404,103704
05-18 16:24:43,1,15000,1,49987152,106520
05-18 16:24:44,1,15000,1,49993132,107800
05-18 16:24:45,1,15000,1,49985572,109080
05-18 16:24:46,1,15000,1,49985572,110360
05-18 16:24:47,1,15000,1,49984816,112920
05-18 16:24:48,1,15000,1,49985096,114712
05-18 16:24:50,1,15000,1,49986128,117528
05-18 16:24:51,1,15000,1,49986004,119320
05-18 16:24:52,1,15000,1,49977692,120856
05-18 16:24:53,1,15000,1,49977428,122136
05-18 16:24:54,1,15000,1,49979308,124952
05-18 16:24:55,1,15000,1,49979468,126488
05-18 16:24:56,1,15000,1,49979348,128280
05-18 16:24:57,1,15000,1,49970380,130584
05-18 16:24:58,1,15000,1,49970608,131864
05-18 16:24:59,1,15000,1,49970716,133144
05-18 16:25:00,1,15000,1,49970464,135704
05-18 16:25:01,1,15000,1,49971080,137496
05-18 16:25:02,1,15000,1,49971124,139032
05-18 16:25:03,1,15000,1,49961296,141848
05-18 16:25:04,1,15000,1,49960732,143128
05-18 16:25:05,1,15000,1,49960868,144408
05-18 16:25:06,1,15000,1,49961000,145688
05-18 16:25:07,1,15000,1,49959744,148504
05-18 16:25:08,1,15000,1,49951152,151064
05-18 16:25:09,1,15000,1,49949392,153880
05-18 16:25:10,1,15000,1,49948888,155160
05-18 16:25:11,1,15000,1,49949116,156440
05-18 16:25:12,1,15000,1,49948900,157720
05-18 16:25:13,1,15000,1,49945232,161560
05-18 16:25:14,1,15000,1,49943724,162072
05-18 16:25:15,1,15000,1,49943736,162072
05-18 16:25:16,1,15000,1,49944268,162584
05-18 16:25:17,1,15000,1,49944016,162584
05-18 16:25:18,1,15000,1,49944016,162584
05-18 16:25:19,1,15000,1,49944288,162584
05-18 16:25:20,1,15000,1,49944048,162584
05-18 16:25:21,1,15000,1,49944760,162584
05-18 16:25:22,1,15000,1,49943152,162584
05-18 16:25:23,1,15000,1,49943156,162584
05-18 16:25:24,1,15000,1,49943716,162584
05-18 16:25:25,1,15000,1,49944044,162584
05-18 16:25:26,1,15000,1,49944296,162584
05-18 16:25:27,1,15000,1,49946608,162584
05-18 16:25:28,1,15000,1,49946724,162584
05-18 16:25:29,1,15000,1,49946976,162584
05-18 16:25:30,1,15000,1,49947424,162584
05-18 16:25:31,1,15000,1,49947928,162584
05-18 16:25:32,1,15000,1,49947172,162584
05-18 16:25:33,1,15000,1,49947196,162584
05-18 16:25:34,1,15000,1,49946944,162584
05-18 16:25:35,1,15000,1,49946876,162584
05-18 16:25:36,1,15000,1,49947152,162584
05-18 16:25:37,1,15000,1,49944884,162584
05-18 16:25:38,1,15000,1,49945760,162584
05-18 16:25:39,1,15000,1,49945760,162584
05-18 16:25:40,1,15000,1,49946164,162584
05-18 16:25:41,1,15000,1,49946384,162584
05-18 16:25:42,1,15000,1,49944020,162584
05-18 16:25:43,1,15000,1,49944020,162584
05-18 16:25:44,1,15000,1,49943520,162584
05-18 16:25:45,1,15000,1,49943820,162584
05-18 16:25:46,1,15000,1,49944324,162584
05-18 16:25:47,1,15000,1,49944304,162584
05-18 16:25:48,1,15000,1,49944260,162584
05-18 16:25:49,1,15000,1,49945780,162584
05-18 16:25:50,1,15000,1,49944776,162584
05-18 16:25:51,1,15000,1,49945184,162584
05-18 16:25:52,1,15000,1,49945184,162584
05-18 16:25:54,1,15000,1,49945600,162584
05-18 16:25:55,1,15000,1,49945348,162584
05-18 16:25:56,1,15000,1,49945952,162584
05-18 16:25:57,1,15000,1,49946464,162584
05-18 16:25:58,1,15000,1,49946560,162584
05-18 16:25:59,1,15000,1,49946936,162584
05-18 16:26:00,1,15000,1,49946280,162584
05-18 16:26:01,1,15000,1,49946452,162584
05-18 16:26:02,1,15000,1,49946748,162584
05-18 16:26:03,1,15000,1,49944956,162584
05-18 16:26:04,1,15000,1,49944736,162584
05-18 16:26:05,1,15000,1,49944756,162840
05-18 16:26:06,1,15000,1,49945412,162840
05-18 16:26:07,1,15000,1,49945500,162840
05-18 16:26:08,1,15000,1,49946216,162840
05-18 16:26:09,1,15000,1,49946308,163608
05-18 16:26:10,1,15000,1,49945480,164888
05-18 16:26:11,1,15000,1,49941424,167448
05-18 16:26:12,1,15000,1,49936644,169240
05-18 16:26:13,1,15000,1,49936504,170776
05-18 16:26:14,1,15000,1,49932440,173592
05-18 16:26:15,1,15000,1,49924164,174872
05-18 16:26:16,1,15000,1,49924424,176152
05-18 16:26:17,1,15000,1,49924016,179480
05-18 16:26:18,1,15000,1,49922256,179480
05-18 16:26:19,1,15000,1,49922172,179480
05-18 16:26:20,1,15000,1,49922172,179480
05-18 16:26:21,1,15000,1,49922208,179480
05-18 16:26:22,1,15000,1,49921272,179480
05-18 16:26:23,1,15000,1,49920896,179480
05-18 16:26:24,1,15000,1,49920432,179480
05-18 16:26:25,1,15000,1,49920432,179480
05-18 16:26:26,2,15000,1,50069284,16384
05-18 16:26:27,2,15000,1,50047612,55552
05-18 16:26:28,2,15000,1,50043832,57360
05-18 16:26:29,2,15000,1,50040816,59664
05-18 16:26:30,2,15000,1,50032284,63300
05-18 16:26:31,2,15000,1,50029852,66500
05-18 16:26:32,2,15000,1,50021700,68292
05-18 16:26:33,2,15000,1,50020712,70852
05-18 16:26:34,2,15000,1,50017504,72132
05-18 16:26:35,2,15000,1,50017888,73412
05-18 16:26:36,2,15000,1,50013628,74692
05-18 16:26:37,2,15000,1,50012764,77508
05-18 16:26:38,2,15000,1,50007976,80836
05-18 16:26:39,2,15000,1,49999812,84676
05-18 16:26:40,2,15000,1,50000124,85956
05-18 16:26:41,2,15000,1,50003764,85220
05-18 16:26:42,2,15000,1,50002508,87012
05-18 16:26:43,2,15000,1,50003752,89828
05-18 16:26:44,2,15000,1,49995972,91364
05-18 16:26:45,2,15000,1,49995972,93668
05-18 16:26:46,2,15000,1,49995468,96228
05-18 16:26:47,2,15000,1,49994324,97508
05-18 16:26:48,2,15000,1,49994852,99044
05-18 16:26:49,2,15000,1,49987040,101860
05-18 16:26:50,2,15000,1,49987304,103652
05-18 16:26:51,2,15000,1,49988060,105188
05-18 16:26:52,2,15000,1,49986624,108004
05-18 16:26:53,2,15000,1,49987824,109284
05-18 16:26:54,2,15000,1,49988244,110820
05-18 16:26:55,2,15000,1,49980768,112100
05-18 16:26:56,2,15000,1,49982288,114660
05-18 16:26:58,2,15000,1,49981532,116452
05-18 16:26:59,2,15000,1,49981900,119268
05-18 16:27:00,2,15000,1,49982280,120548
05-18 16:27:01,2,15000,1,49976824,121828
05-18 16:27:02,2,15000,1,49977188,123108
05-18 16:27:03,2,15000,1,49976508,127716
05-18 16:27:04,2,15000,1,49976628,129252
05-18 16:27:05,2,15000,1,49977436,131044
05-18 16:27:06,2,15000,1,49969896,133604
05-18 16:27:07,2,15000,1,49961656,134884
05-18 16:27:08,2,15000,1,49963664,136164
05-18 16:27:09,2,15000,1,49964212,138468
05-18 16:27:10,2,15000,1,49963712,140260
05-18 16:27:11,2,15000,1,49965468,141796
05-18 16:27:12,2,15000,1,49959388,144612
05-18 16:27:13,2,15000,1,49959276,145892
05-18 16:27:14,2,15000,1,49958808,147172
05-18 16:27:15,2,15000,1,49958400,148452
05-18 16:27:16,2,15000,1,49958656,151268
05-18 16:27:17,2,15000,1,49959032,153060
05-18 16:27:18,2,15000,1,49949728,155876
05-18 16:27:19,2,15000,1,49949000,158692
05-18 16:27:20,2,15000,1,49948512,158948
05-18 16:27:21,2,15000,1,49948392,160228
05-18 16:27:22,2,15000,1,49948028,160484
05-18 16:27:23,2,15000,1,49955488,160996
05-18 16:27:24,2,15000,1,49954984,160996
05-18 16:27:25,2,15000,1,49955488,160996
05-18 16:27:26,2,15000,1,49956416,160996
05-18 16:27:27,2,15000,1,49956744,160996
05-18 16:27:28,2,15000,1,49956940,160996
05-18 16:27:29,2,15000,1,49956940,160996
05-18 16:27:30,2,15000,1,49957508,160996
05-18 16:27:31,2,15000,1,49958184,160996
05-18 16:27:32,2,15000,1,49958320,160996
05-18 16:27:33,2,15000,1,49957572,160996
05-18 16:27:34,2,15000,1,49957880,160996
05-18 16:27:35,2,15000,1,49958900,161764
05-18 16:27:36,2,15000,1,49960044,163044
05-18 16:27:37,2,15000,1,49959344,163556
05-18 16:27:38,2,15000,1,49956832,163556
05-18 16:27:39,2,15000,1,49957408,163556
05-18 16:27:40,2,15000,1,49957408,163556
05-18 16:27:41,2,15000,1,49958524,163556
05-18 16:27:42,2,15000,1,49957492,163556
05-18 16:27:43,2,15000,1,49958080,163556
05-18 16:27:44,2,15000,1,49958696,163556
05-18 16:27:45,2,15000,1,49958780,163556
05-18 16:27:46,2,15000,1,49958784,163556
05-18 16:27:47,2,15000,1,49957624,163556
05-18 16:27:48,2,15000,1,49960440,163556
05-18 16:27:49,2,15000,1,49959876,163556
05-18 16:27:50,2,15000,1,49959928,163556
05-18 16:27:51,2,15000,1,49958920,163556
05-18 16:27:52,2,15000,1,49957876,163556
05-18 16:27:53,2,15000,1,49956980,163556
05-18 16:27:54,2,15000,1,49957340,163556
05-18 16:27:55,2,15000,1,49957272,163556
05-18 16:27:56,2,15000,1,49957984,163556
05-18 16:27:57,2,15000,1,49957184,163556
05-18 16:27:58,2,15000,1,49956180,163556
05-18 16:27:59,2,15000,1,49956100,163556
05-18 16:28:00,2,15000,1,49957112,163556
05-18 16:28:02,2,15000,1,49957388,163556
05-18 16:28:03,2,15000,1,49957388,163556
05-18 16:28:04,2,15000,1,49956432,163556
05-18 16:28:05,2,15000,1,49955540,163556
05-18 16:28:06,2,15000,1,49955036,163556
05-18 16:28:07,2,15000,1,49955652,163556
05-18 16:28:08,2,15000,1,49952412,163556
05-18 16:28:09,2,15000,1,49952212,163556
05-18 16:28:10,2,15000,1,49949280,163556
05-18 16:28:11,2,15000,1,49950560,163556
05-18 16:28:12,2,15000,1,49951140,163556
05-18 16:28:13,2,15000,1,49950480,163556
05-18 16:28:14,2,15000,1,49950600,164324
05-18 16:28:15,2,15000,1,49949340,166116
05-18 16:28:16,2,15000,1,49948788,167652
05-18 16:28:17,2,15000,1,49947456,168932
05-18 16:28:18,2,15000,1,49943268,170212
05-18 16:28:19,2,15000,1,49943628,171492
05-18 16:28:20,2,15000,1,49938240,174308
05-18 16:28:21,2,15000,1,49928916,175844
05-18 16:28:22,2,15000,1,49929364,177636
05-18 16:28:23,2,15000,1,49930044,180196
05-18 16:28:24,2,15000,1,49929604,181476
05-18 16:28:25,2,15000,1,49928176,183268
05-18 16:28:26,2,15000,1,49928176,183268
05-18 16:28:27,2,15000,1,49928608,183268
05-18 16:28:28,2,15000,1,49926100,183268
05-18 16:28:29,2,15000,1,49926100,183268
05-18 16:28:30,2,15000,1,49922560,183268
05-18 16:28:31,2,15000,1,49923056,183268
05-18 16:28:32,2,15000,1,49923572,183268
05-18 16:28:33,2,15000,1,49923400,183268
05-18 16:28:34,2,15000,1,49923164,183268
05-18 16:28:35,0,15000,2,50074344,14592
05-18 16:28:36,0,15000,2,50044220,58368
05-18 16:28:37,0,15000,2,50040852,64524
05-18 16:28:38,0,15000,2,50031416,72196
05-18 16:28:39,0,15000,2,50027664,76548
05-18 16:28:40,0,15000,2,50026472,79108
05-18 16:28:41,0,15000,2,50011400,83320
05-18 16:28:42,0,15000,2,50010224,88440
05-18 16:28:43,0,15000,2,50007560,90744
05-18 16:28:44,0,15000,2,50006844,95096
05-18 16:28:45,0,15000,2,49999372,96844
05-18 16:28:46,0,15000,2,50000128,99404
05-18 16:28:47,0,15000,2,49987448,103500
05-18 16:28:48,0,15000,2,49987336,107852
05-18 16:28:49,0,15000,2,49985068,111436
05-18 16:28:50,0,15000,2,49971660,115276
05-18 16:28:51,0,15000,2,49972320,118348
05-18 16:28:52,0,15000,2,49966944,122444
05-18 16:28:53,0,15000,2,49967052,126284
05-18 16:28:54,0,15000,2,49950832,129612
05-18 16:28:55,0,15000,2,49940564,133964
05-18 16:28:56,0,15000,2,49940784,137804
05-18 16:28:57,0,15000,2,49939252,142412
05-18 16:28:58,0,15000,2,49937248,146508
05-18 16:28:59,0,15000,2,49936364,149324
05-18 16:29:00,0,15000,2,49927460,153420
05-18 16:29:01,0,15000,2,49927224,157772
05-18 16:29:02,0,15000,2,49927384,160588
05-18 16:29:03,0,15000,2,49928520,165196
05-18 16:29:05,0,15000,2,49930328,165708
05-18 16:29:06,0,15000,2,49930832,165708
05-18 16:29:07,0,15000,2,49932036,166220
05-18 16:29:08,0,15000,2,49932332,166476
05-18 16:29:09,0,15000,2,49933000,166476
05-18 16:29:10,0,15000,2,49931236,166476
05-18 16:29:11,0,15000,2,49931604,166476
05-18 16:29:12,0,15000,2,49932696,166476
05-18 16:29:13,0,15000,2,49932560,166476
05-18 16:29:14,0,15000,2,49932500,166476
05-18 16:29:15,0,15000,2,49932704,166476
05-18 16:29:16,0,15000,2,49932984,166476
05-18 16:29:17,0,15000,2,49933080,166476
05-18 16:29:18,0,15000,2,49933148,166476
05-18 16:29:19,0,15000,2,49934012,166476
05-18 16:29:20,0,15000,2,49933704,166988
05-18 16:29:21,0,15000,2,49933956,166988
05-18 16:29:22,0,15000,2,49933584,166988
05-18 16:29:23,0,15000,2,49933184,166988
05-18 16:29:24,0,15000,2,49933888,166988
05-18 16:29:25,0,15000,2,49929624,166988
05-18 16:29:26,0,15000,2,49930128,166988
05-18 16:29:27,0,15000,2,49930184,166988
05-18 16:29:28,0,15000,2,49930184,166988
05-18 16:29:29,0,15000,2,49930908,167244
05-18 16:29:30,0,15000,2,49930444,167244
05-18 16:29:31,0,15000,2,49931100,168524
05-18 16:29:32,0,15000,2,49929520,172364
05-18 16:29:33,0,15000,2,49927520,176204
05-18 16:29:34,0,15000,2,49920968,180044
05-18 16:29:35,0,15000,2,49920684,182604
05-18 16:29:36,0,15000,2,49920916,184908
05-18 16:29:37,0,15000,2,49920780,184908
05-18 16:29:38,0,15000,2,49918828,184908
05-18 16:29:39,0,15000,2,49918828,184908
05-18 16:29:40,1,15000,2,50080028,15360
05-18 16:29:41,1,15000,2,50048684,61184
05-18 16:29:42,1,15000,2,50042412,68360
05-18 16:29:43,1,15000,2,50035528,72744
05-18 16:29:44,1,15000,2,50034408,77096
05-18 16:29:45,1,15000,2,50027896,80936
05-18 16:29:46,1,15000,2,50021768,85288
05-18 16:29:47,1,15000,2,50017964,89896
05-18 16:29:48,1,15000,2,50005628,93992
05-18 16:29:49,1,15000,2,49998308,97064
05-18 16:29:50,1,15000,2,50002344,97212
05-18 16:29:51,1,15000,2,49993172,101820
05-18 16:29:52,1,15000,2,49991912,105404
05-18 16:29:53,1,15000,2,49991416,109244
05-18 16:29:54,1,15000,2,49975380,113340
05-18 16:29:55,1,15000,2,49973656,116924
05-18 16:29:56,1,15000,2,49973868,120764
05-18 16:29:57,1,15000,2,49974120,125116
05-18 16:29:58,1,15000,2,49975624,128188
05-18 16:29:59,1,15000,2,49959852,132028
05-18 16:30:00,1,15000,2,49952128,136380
05-18 16:30:01,1,15000,2,49951876,140988
05-18 16:30:02,1,15000,2,49952160,143548
05-18 16:30:03,1,15000,2,49950716,147900
05-18 16:30:04,1,15000,2,49950652,151996
05-18 16:30:05,1,15000,2,49941044,154556
05-18 16:30:06,1,15000,2,49931524,159420
05-18 16:30:08,1,15000,2,49930128,159676
05-18 16:30:09,1,15000,2,49930680,159676
05-18 16:30:10,1,15000,2,49930620,160700
05-18 16:30:11,1,15000,2,49924884,161980
05-18 16:30:12,1,15000,2,49925956,161980
05-18 16:30:13,1,15000,2,49925724,161980
05-18 16:30:14,1,15000,2,49925744,161980
05-18 16:30:15,1,15000,2,49926252,161980
05-18 16:30:16,1,15000,2,49927408,161980
05-18 16:30:17,1,15000,2,49927464,161980
05-18 16:30:18,1,15000,2,49926824,161980
05-18 16:30:19,1,15000,2,49926676,161980
05-18 16:30:20,1,15000,2,49927096,161980
05-18 16:30:21,1,15000,2,49926304,163004
05-18 16:30:22,1,15000,2,49927700,163004
05-18 16:30:23,1,15000,2,49929824,163004
05-18 16:30:24,1,15000,2,49929668,163004
05-18 16:30:25,1,15000,2,49929508,163004
05-18 16:30:26,1,15000,2,49930416,163004
05-18 16:30:27,1,15000,2,49930268,163004
05-18 16:30:28,1,15000,2,49929556,163004
05-18 16:30:29,1,15000,2,49929304,163516
05-18 16:30:30,1,15000,2,49929632,163516
05-18 16:30:31,1,15000,2,49930328,163516
05-18 16:30:32,1,15000,2,49930388,164028
05-18 16:30:33,1,15000,2,49925096,167612
05-18 16:30:34,1,15000,2,49925404,172220
05-18 16:30:35,1,15000,2,49924080,174780
05-18 16:30:36,1,15000,2,49917208,179132
05-18 16:30:37,1,15000,2,49908940,183740
05-18 16:30:38,1,15000,2,49907536,183740
05-18 16:30:39,1,15000,2,49909096,183740
05-18 16:30:40,2,15000,2,50063972,15616
05-18 16:30:41,2,15000,2,50037292,57088
05-18 16:30:42,2,15000,2,50039188,65024
05-18 16:30:43,2,15000,2,50037340,69176
05-18 16:30:44,2,15000,2,50031796,72760
05-18 16:30:45,2,15000,2,50028276,76344
05-18 16:30:46,2,15000,2,50020272,80184
05-18 16:30:47,2,15000,2,50011724,83512
05-18 16:30:48,2,15000,2,50012284,87608
05-18 16:30:49,2,15000,2,50003660,91448
05-18 16:30:50,2,15000,2,50003904,92564
05-18 16:30:51,2,15000,2,50002044,96660
05-18 16:30:52,2,15000,2,49999188,100756
05-18 16:30:53,2,15000,2,49985832,103060
05-18 16:30:54,2,15000,2,49986132,107156
05-18 16:30:55,2,15000,2,49978028,109972
05-18 16:30:56,2,15000,2,49974500,114324
05-18 16:30:57,2,15000,2,49974092,116628
05-18 16:30:58,2,15000,2,49972396,120468
05-18 16:30:59,2,15000,2,49962820,124308
05-18 16:31:00,2,15000,2,49963328,127124
05-18 16:31:01,2,15000,2,49952828,130964
05-18 16:31:02,2,15000,2,49951324,135060
05-18 16:31:03,2,15000,2,49950348,138900
05-18 16:31:04,2,15000,2,49949364,142484
05-18 16:31:05,2,15000,2,49945144,145300
05-18 16:31:06,2,15000,2,49942976,149140
05-18 16:31:07,2,15000,2,49933676,152980
05-18 16:31:08,2,15000,2,49934036,155796
05-18 16:31:10,2,15000,2,49932860,160148
05-18 16:31:11,2,15000,2,49932828,160660
05-18 16:31:12,2,15000,2,49932412,160660
05-18 16:31:13,2,15000,2,49932300,160916
05-18 16:31:14,2,15000,2,49932056,162452
05-18 16:31:15,2,15000,2,49932308,162964
05-18 16:31:16,2,15000,2,49925880,163988
05-18 16:31:17,2,15000,2,49922396,163988
05-18 16:31:18,2,15000,2,49920388,163988
05-18 16:31:19,2,15000,2,49918380,163988
05-18 16:31:20,2,15000,2,49917308,163988
05-18 16:31:21,2,15000,2,49922248,164244
05-18 16:31:22,2,15000,2,49919560,164500
05-18 16:31:23,2,15000,2,49919384,164500
05-18 16:31:24,2,15000,2,49920624,164500
05-18 16:31:25,2,15000,2,49920452,164500
05-18 16:31:26,2,15000,2,49912448,164500
05-18 16:31:27,2,15000,2,49919240,164500
05-18 16:31:28,2,15000,2,49914776,166036
05-18 16:31:29,2,15000,2,49913012,166036
05-18 16:31:30,2,15000,2,49913296,166036
05-18 16:31:31,2,15000,2,49909208,166036
05-18 16:31:32,2,15000,2,49901676,166036
05-18 16:31:33,2,15000,2,49901652,166036
05-18 16:31:34,2,15000,2,49901400,166036
05-18 16:31:35,2,15000,2,49903544,166036
05-18 16:31:36,2,15000,2,49901940,166036
05-18 16:31:37,2,15000,2,49908768,166036
05-18 16:31:38,2,15000,2,49907100,166292
05-18 16:31:39,2,15000,2,49908012,168340
05-18 16:31:40,2,15000,2,49902504,170900
05-18 16:31:41,2,15000,2,49902832,174740
05-18 16:31:42,2,15000,2,49901472,178324
05-18 16:31:43,2,15000,2,49893948,180884
05-18 16:31:44,2,15000,2,49894204,183956
05-18 16:31:45,2,15000,2,49896588,183956
05-18 16:31:46,2,15000,2,49895340,183956
05-18 16:31:47,2,15000,2,49893828,
05-18 16:31:48,0,15000,4,50055372,16640
05-18 16:31:49,0,15000,4,50020508,61060
05-18 16:31:50,0,15000,4,50007056,76904
05-18 16:31:51,0,15000,4,50008060,83816
05-18 16:31:52,0,15000,4,49998532,90984
05-18 16:31:53,0,15000,4,49986984,97100
05-18 16:31:54,0,15000,4,49971868,104524
05-18 16:31:55,0,15000,4,49970608,111948
05-18 16:31:56,0,15000,4,49953456,119116
05-18 16:31:57,0,15000,4,49951236,126540
05-18 16:31:58,0,15000,4,49945284,135244
05-18 16:31:59,0,15000,4,49937432,142668
05-18 16:32:00,0,15000,4,49919428,148812
05-18 16:32:01,0,15000,4,49918472,157772
05-18 16:32:02,0,15000,4,49917560,162636
05-18 16:32:03,0,15000,4,49906220,162636
05-18 16:32:04,0,15000,4,49897904,162892
05-18 16:32:05,0,15000,4,49897148,162892
05-18 16:32:06,0,15000,4,49893116,162892
05-18 16:32:07,0,15000,4,49897084,163148
05-18 16:32:08,0,15000,4,49894996,163148
05-18 16:32:09,0,15000,4,49895500,163148
05-18 16:32:10,0,15000,4,49902028,163148
05-18 16:32:11,0,15000,4,49902928,163148
05-18 16:32:13,0,15000,4,49898940,163148
05-18 16:32:14,0,15000,4,49901256,160592
05-18 16:32:15,0,15000,4,49901524,160592
05-18 16:32:16,0,15000,4,49902464,163920
05-18 16:32:17,0,15000,4,49893016,172112
05-18 16:32:18,0,15000,4,49879552,181584
05-18 16:32:19,0,15000,4,49865948,181584
05-18 16:32:20,0,15000,4,49866200,181584
05-18 16:32:21,0,15000,4,49865872,182096
05-18 16:32:22,1,15000,4,50017304,15616
05-18 16:32:23,1,15000,4,49977488,62716
05-18 16:32:24,1,15000,4,49967928,77680
05-18 16:32:25,1,15000,4,49959124,84592
05-18 16:32:26,1,15000,4,49955600,92528
05-18 16:32:27,1,15000,4,49944628,101232
05-18 16:32:28,1,15000,4,49924560,105636
05-18 16:32:29,1,15000,4,49910464,114340
05-18 16:32:30,1,15000,4,49915188,120996
05-18 16:32:31,1,15000,4,49908664,128676
05-18 16:32:32,1,15000,4,49899240,137380
05-18 16:32:33,1,15000,4,49889324,144036
05-18 16:32:34,1,15000,4,49880404,150692
05-18 16:32:35,1,15000,4,49870500,158116
05-18 16:32:36,1,15000,4,49868396,164260
05-18 16:32:37,1,15000,4,49870284,164772
05-18 16:32:38,1,15000,4,49865416,166308
05-18 16:32:39,1,15000,4,49867344,166820
05-18 16:32:40,1,15000,4,49872524,166820
05-18 16:32:41,1,15000,4,49871744,166820
05-18 16:32:42,1,15000,4,49870180,166820
05-18 16:32:43,1,15000,4,49870332,167588
05-18 16:32:44,1,15000,4,49869256,167588
05-18 16:32:45,1,15000,4,49867132,167588
05-18 16:32:46,1,15000,4,49871500,167588
05-18 16:32:47,1,15000,4,49869152,167588
05-18 16:32:48,1,15000,4,49879648,168100
05-18 16:32:49,1,15000,4,49863868,169892
05-18 16:32:50,1,15000,4,49862412,176548
05-18 16:32:51,1,15000,4,49849932,184996
05-18 16:32:52,1,15000,4,49855536,190372
05-18 16:32:53,1,15000,4,49855136,190372
05-18 16:32:54,1,15000,4,49860272,190372
05-18 16:32:55,2,15000,4,50024168,16896
05-18 16:32:56,2,15000,4,49979400,64044
05-18 16:32:57,2,15000,4,49956592,76648
05-18 16:32:58,2,15000,4,49949060,83560
05-18 16:32:59,2,15000,4,49940492,91240
05-18 16:33:00,2,15000,4,49936272,96408
05-18 16:33:01,2,15000,4,49932096,103064
05-18 16:33:02,2,15000,4,49926060,111768
05-18 16:33:03,2,15000,4,49919528,118424
05-18 16:33:04,2,15000,4,49915052,125336
05-18 16:33:05,2,15000,4,49898224,134040
05-18 16:33:06,2,15000,4,49895956,140696
05-18 16:33:07,2,15000,4,49899740,147864
05-18 16:33:08,2,15000,4,49884268,155288
05-18 16:33:09,2,15000,4,49882672,160920
05-18 16:33:10,2,15000,4,49878128,161176
05-18 16:33:11,2,15000,4,49876972,162968
05-18 16:33:12,2,15000,4,49878156,162968
05-18 16:33:13,2,15000,4,49874948,163224
05-18 16:33:14,2,15000,4,49881296,163224
05-18 16:33:16,2,15000,4,49872756,163224
05-18 16:33:17,2,15000,4,49880108,163224
05-18 16:33:18,2,15000,4,49870132,163224
05-18 16:33:19,2,15000,4,49869868,163224
05-18 16:33:20,2,15000,4,49874884,163224
05-18 16:33:21,2,15000,4,49876136,163224
05-18 16:33:22,2,15000,4,49874624,164248
05-18 16:33:23,2,15000,4,49866720,165784
05-18 16:33:24,2,15000,4,49870416,172440
05-18 16:33:25,2,15000,4,49862220,181144
05-18 16:33:26,2,15000,4,49858680,186520
05-18 16:33:27,2,15000,4,49857996,186520
05-18 16:33:28,2,15000,4,49854808,186520
05-18 16:33:29,0,15000,8,50009688,17152
05-18 16:33:30,0,15000,8,49966204,77420
05-18 16:33:31,0,15000,8,49932128,105348
05-18 16:33:32,0,15000,8,49921688,118148
05-18 16:33:33,0,15000,8,49906176,129924
05-18 16:33:34,0,15000,8,49887564,134548
05-18 16:33:35,0,15000,8,49885416,145512
05-18 16:33:36,0,15000,8,49873620,159336
05-18 16:33:37,0,15000,8,49864924,165480
05-18 16:33:38,0,15000,8,49856160,169064
05-18 16:33:39,0,15000,8,49861420,170856
05-18 16:33:40,0,15000,8,49865956,170856
05-18 16:33:41,0,15000,8,49870612,173416
05-18 16:33:42,0,15000,8,49870972,173672
05-18 16:33:43,0,15000,8,49861836,173672
05-18 16:33:44,0,15000,8,49864160,178024
05-18 16:33:45,0,15000,8,49858436,189288
05-18 16:33:46,0,15000,8,49852392,194664
05-18 16:33:47,0,15000,8,49853584,194664
05-18 16:33:48,0,15000,8,49852496,194664
05-18 16:33:49,1,15000,8,50024324,15872
05-18 16:33:50,1,15000,8,49978716,68044
05-18 16:33:51,1,15000,8,49962996,89572
05-18 16:33:52,1,15000,8,49952000,103140
05-18 16:33:53,1,15000,8,49933600,117476
05-18 16:33:54,1,15000,8,49913692,133860
05-18 16:33:55,1,15000,8,49907912,148072
05-18 16:33:56,1,15000,8,49915268,154984
05-18 16:33:57,1,15000,8,49915668,154984
05-18 16:33:58,1,15000,8,49895848,155496
05-18 16:33:59,1,15000,8,49889800,152908
05-18 16:34:00,1,15000,8,49894512,152908
05-18 16:34:01,1,15000,8,49877700,155468
05-18 16:34:02,1,15000,8,49860384,166476
05-18 16:34:03,1,15000,8,49844004,182092
05-18 16:34:04,1,15000,8,49848752,182092
05-18 16:34:05,1,15000,8,49853880,182092
05-18 16:34:06,2,15000,8,50010764,11776
05-18 16:34:07,2,15000,8,49965916,71424
05-18 16:34:08,2,15000,8,49951652,90008
05-18 16:34:09,2,15000,8,49944092,102864
05-18 16:34:10,2,15000,8,49927440,118480
05-18 16:34:11,2,15000,8,49904756,133584
05-18 16:34:12,2,15000,8,49886108,149592
05-18 16:34:13,2,15000,8,49883772,155736
05-18 16:34:14,2,15000,8,49870196,155736
05-18 16:34:15,2,15000,8,49858204,156248
05-18 16:34:16,2,15000,8,49861388,156504
05-18 16:34:17,2,15000,8,49865104,156504
05-18 16:34:18,2,15000,8,49864516,158552
05-18 16:34:20,2,15000,8,49851556,169304
05-18 16:34:21,2,15000,8,49852960,178776
05-18 16:34:22,2,15000,8,49856260,177220
05-18 16:34:23,2,15000,8,49852428,177220
05-18 16:34:24,0,15000,16,50013392,16128
05-18 16:34:25,0,15000,16,49976920,82248
05-18 16:34:26,0,15000,16,49934052,117576
05-18 16:34:27,0,15000,16,49896028,145736
05-18 16:34:28,0,15000,16,49862360,159048
05-18 16:34:29,0,15000,16,49865704,159304
05-18 16:34:30,0,15000,16,49865456,157208
05-18 16:34:31,0,15000,16,49855008,180760
05-18 16:34:32,1,15000,16,50005108,16384
05-18 16:34:33,1,15000,16,49946536,78012
05-18 16:34:34,1,15000,16,49907628,114332
05-18 16:34:35,1,15000,16,49871724,143516
05-18 16:34:36,1,15000,16,49869184,155292
05-18 16:34:37,1,15000,16,49845528,162716
05-18 16:34:38,1,15000,16,49834676,165532
05-18 16:34:39,1,15000,16,49822128,184732
05-18 16:34:40,2,15000,16,49975080,15872
05-18 16:34:41,2,15000,16,49931992,86060
05-18 16:34:42,2,15000,16,49903632,121624
05-18 16:34:43,2,15000,16,49872656,151644
05-18 16:34:44,2,15000,16,49853040,164700
05-18 16:34:45,2,15000,16,49847496,167004
05-18 16:34:46,2,15000,16,49848748,170364
05-18 16:34:47,2,15000,16,49819136,191868
05-18 16:34:48,0,15000,32,50003392,14336
05-18 16:34:49,0,15000,32,49937956,96888
05-18 16:34:50,0,15000,32,49868404,152184
05-18 16:34:51,0,15000,32,49862884,166264
05-18 16:34:52,0,15000,32,49853744,177528
05-18 16:34:53,1,15000,32,50002688,14336
05-18 16:34:54,1,15000,32,49922832,94964
05-18 16:34:55,1,15000,32,49852780,154868
05-18 16:34:56,1,15000,32,49848164,164852
05-18 16:34:57,1,15000,32,49846116,177140
05-18 16:34:58,2,15000,32,49988904,16640
05-18 16:34:59,2,15000,32,49919916,91308
05-18 16:35:00,2,15000,32,49848096,145836
05-18 16:35:01,2,15000,32,49857796,164012
05-18 16:35:02,2,15000,32,49839680,176556
05-18 16:35:03,2,15000,32,50000172,
