input,thread,task_clock_msec,context_switches,cpu_migrations,page_faults,cycles,instructions,branches,branch_misses,time_elapsed_sec,user_time_sec,sys_time_sec,ipc
1000,1,710.5,655,8,7749,1069347418,1254013526,122660900,11236355,0.424502421,0.636057,0.076126,1.1726904698057634
1000,1,668.49,648,7,7708,1054337943,1248449236,121569133,10806568,0.410830072,0.604843,0.065015,1.1841072820045517
1000,1,716.96,659,12,7794,1132897261,1259539673,124611882,12908033,0.427308668,0.630077,0.090011,1.1117863166940785
1000,1,704.73,646,7,7762,1079118381,1259037612,123792678,11295873,0.414638026,0.642945,0.063488,1.1667279829236825
1000,1,713.09,639,7,7737,1123194951,1241777106,121279878,12736682,0.429849806,0.636042,0.078881,1.1055757550320398
1000,2,1093.37,933,17,8657,1603654416,1406036415,153342407,16908175,0.415754268,1.004516,0.090327,0.8767702074534742
1000,2,1134.31,830,16,8946,1689908987,1433963185,157591268,16231259,0.42230912,1.044369,0.091715,0.8485446234271077
1000,2,1100.3,717,10,8913,1694462803,1429096484,158229081,15891269,0.385878765,1.019198,0.082258,0.8433920658924019
1000,2,997.0,714,11,7972,1514822895,1326466495,137107292,15473559,0.392860574,0.921387,0.077527,0.8756578075089101
1000,2,1052.54,752,15,9228,1683557148,1480720989,167102397,17866830,0.383568507,0.960628,0.093768,0.8795192909008397
1000,4,1667.48,1289,23,9399,2628215723,1525271249,175309538,17934713,0.411332481,1.564813,0.103987,0.5803447698954353
1000,4,1577.72,1115,27,9248,2580562322,1520529950,174895974,17808721,0.403149359,1.474533,0.107292,0.5892242698566379
1000,4,1613.38,1164,21,9365,2564723816,1498341149,170823330,18132545,0.411091074,1.527564,0.087402,0.5842115005337479
1000,4,1358.55,1134,23,8537,2212278265,1402676273,152939859,16023498,0.356926632,1.280825,0.078975,0.6340415196367714
1000,4,1649.6,1287,28,9355,2542622337,1491504632,170498953,18046752,0.410410443,1.53633,0.114875,0.586600931760791
1000,8,2627.21,2001,26,9898,4428911554,1648758998,199062293,19796152,0.427361383,2.511047,0.117955,0.3722718274901906
1000,8,2561.84,1926,27,9409,4393839332,1544103147,179123744,17809652,0.419388433,2.467124,0.096356,0.3514245811753774
1000,8,2429.5,2003,19,9115,4131395098,1555492836,181498447,17535842,0.421454021,2.331178,0.100541,0.3765054658541399
1000,8,2608.84,1840,22,9471,4550282078,1533194480,176742109,17773771,0.428647865,2.506353,0.104722,0.336944930823693
1000,8,2635.92,1924,25,9441,4535890203,1558799427,181982293,18273617,0.42866079,2.547294,0.090548,0.34365898583017357
1000,16,3565.56,2622,26,9773,6668291015,1511640927,173604972,14930235,0.377403025,3.448262,0.119282,0.2266909053008689
1000,16,2857.0,2811,35,9043,5000598099,1492247128,170203988,12758977,0.339667943,2.717243,0.145477,0.2984137294093708
1000,16,4360.95,2525,43,10243,8053187515,1606560429,190115410,19037388,0.428889089,4.252074,0.111269,0.19949373164446924
1000,16,3347.57,2496,27,10426,5944176098,1545836462,180061017,14969396,0.357185228,3.222905,0.128319,0.26005899497495
1000,16,3925.01,2759,30,9136,7210771213,1551149433,180019295,15615600,0.39993265,3.798421,0.131325,0.21511560791216022
1000,32,5168.42,3765,596,11245,9593944545,1774760866,223310868,12751750,0.35967085,4.982635,0.176189,0.1849876093900228
1000,32,4324.52,3349,572,11156,7835459859,1646902876,199099422,13785802,0.353805075,4.147131,0.165364,0.21018586089855687
1000,32,5323.13,3446,641,11654,10100028225,1724001882,212573902,12681215,0.360516544,5.150725,0.15986,0.17069277863329932
1000,32,5426.08,3406,548,11655,10320910816,1746897776,218480135,12591950,0.363377304,5.229799,0.184628,0.16925810203609845
1000,32,4861.23,3366,635,11501,9178806397,1657337946,201003104,11942970,0.346087425,4.649647,0.199758,0.18056137958653143
1000,64,5965.47,6277,1959,14613,11594104666,1998840082,267400765,13709807,0.392603421,5.719134,0.236179,0.172401417753425
1000,64,6336.81,7060,2181,13832,12234391024,2100802217,286772726,13643178,0.402151216,6.114982,0.21189,0.17171285541543438
1000,64,7819.85,7287,2263,16676,15261977189,2329312902,331424223,14953730,0.455869438,7.559564,0.250533,0.15262196196170713
1000,64,6247.79,7145,2197,13681,12082212482,2185263509,304149861,13809464,0.391411654,5.924915,0.318215,0.18086617101425678
1000,64,6574.92,7010,2185,13585,12864552717,2255465600,319089601,13987312,0.39290303,6.298738,0.270213,0.17532405903389792
1000,128,10506.6,14115,4207,18748,20581844159,2695519913,404132783,15665616,0.557861616,10.09491,0.400949,0.13096590821388115
1000,128,21051.99,14781,3819,18044,41645924736,3394184235,525027494,17973339,0.870443186,20.596788,0.446534,0.08150099335088036
1000,128,14109.08,15582,4851,25328,27850918509,7179663251,1350655584,27618378,0.693128095,13.63482,0.464111,0.25778910123484433
1000,128,12499.25,14394,4524,21005,24678967253,5478115717,992006876,23412266,0.616163675,12.065278,0.424622,0.2219750794609963
1000,128,15038.74,16496,4997,27131,29748203716,7236198831,1353209847,29244041,0.699417249,14.582779,0.445932,0.24324826130957372
2000,1,1375.55,698,12,11436,2525995322,3604879318,235349797,26039113,0.976809667,1.29611,0.080819,1.4271124283578542
2000,1,1332.22,842,10,9757,2164695394,3402759693,198414873,17924266,0.840535998,1.253227,0.081079,1.5719346483720564
2000,1,1337.21,879,10,9742,2169410880,3407371957,199236667,18059572,0.847098611,1.240654,0.100274,1.5706438961899185
2000,1,1292.18,701,17,8717,2163542389,3296095647,173348784,15658289,0.907296411,1.20363,0.090122,1.5234717210802935
2000,1,1308.89,667,13,8712,2191039863,3320928622,177880560,16132942,0.918787979,1.222013,0.090704,1.5156860804225358
2000,2,2326.87,830,11,11710,3958018842,4144496368,329614218,43948636,0.941927224,2.230845,0.097774,1.0471138550481918
2000,2,2938.29,810,15,11797,4997461071,4487906059,400142067,45884307,1.164906092,2.840862,0.10003,0.8980372223493804
2000,2,3011.24,880,16,12134,5242451472,4435557241,392796957,42015786,1.179874693,2.926365,0.087129,0.8460845588538812
2000,2,2477.4,1007,10,11882,4155552040,4237069295,347130626,42822151,0.985608935,2.385555,0.093903,1.0196164683332902
2000,2,3078.92,855,15,12049,5300812087,4441696587,393351376,41034700,1.211454536,2.988634,0.092204,0.8379275692290731
2000,4,3619.31,1595,19,11935,6184882522,4165561770,335599488,40620128,0.867589123,3.513958,0.107631,0.6735070157246876
2000,4,3630.63,1503,20,12578,6413778066,4277026585,360307077,44155394,0.857507725,3.531115,0.10209,0.6668497944562337
2000,4,3434.94,1574,19,11924,6178000103,4170783561,336160151,39370219,0.821666262,3.332995,0.10425,0.6751025398938877
2000,4,2842.63,1733,25,11807,4381765766,3819685248,268762386,32024336,0.705535489,2.72507,0.120091,0.8717228286456059
2000,4,2876.31,1684,29,11709,4772092271,3833818993,272485640,35569459,0.694931813,2.775076,0.103555,0.8033832489573
2000,8,3190.7,2440,27,10859,5515206858,3712530788,247994533,21429244,0.491916189,3.101844,0.091289,0.6731444320379107
2000,8,3222.22,2661,22,10436,5683560060,3695473840,244420416,20983048,0.497812068,3.109792,0.115509,0.6502040624164707
2000,8,3148.02,2593,23,10510,5445845669,3649354623,236879354,21161642,0.488690616,3.012565,0.139609,0.6701171580703493
2000,8,3041.69,2547,30,11014,5317260423,3685227975,244297388,21283756,0.456007191,2.909808,0.135293,0.6930689268216795
2000,8,2464.96,2440,26,10164,4249791744,3474247764,209113105,17664422,0.418949695,2.369667,0.097356,0.8175101212677212
2000,16,4523.18,4198,47,10561,8482290227,3667801484,238722118,15184761,0.445429034,4.389588,0.136737,0.432406978049986
2000,16,4254.24,3933,34,10515,7975404661,3679874097,241974751,14891595,0.434865738,4.099003,0.162827,0.461402806931504
2000,16,5401.17,3926,39,10683,10149654292,3722770359,250686091,18058240,0.495960546,5.285384,0.118716,0.3667878975872413
2000,16,5379.58,4241,44,11385,9981787404,3762669601,261646211,18993279,0.483264188,5.246395,0.136923,0.3769534902628948
2000,16,4203.85,3801,46,10492,7805878115,3537523016,219976494,13866176,0.424533781,4.065065,0.142212,0.45318706798690517
2000,32,6092.36,4239,633,12042,11780394914,3805842992,268747971,13088804,0.386818037,5.87968,0.199145,0.3230658241751368
2000,32,6931.82,4796,569,12255,13361439792,3768836398,263119304,13395311,0.425818844,6.70569,0.213531,0.2820681346224787
2000,32,6814.42,4073,561,11976,13134906930,3733295628,256515621,12443119,0.402685334,6.622282,0.182273,0.2842270331945169
2000,32,5678.25,4127,635,12314,10596253479,3685578760,248417363,14273122,0.401949708,5.502973,0.163295,0.3478190444673865
2000,32,6005.29,4400,724,11884,11281580152,3777971728,266608722,15108163,0.408112331,5.79346,0.201005,0.33487966021588217
2000,64,8782.5,7688,2287,15281,17128862196,4105777558,321219793,14637682,0.479442162,8.518841,0.252598,0.2396993747173001
2000,64,9341.22,8403,2536,15522,18249207951,4093488961,324194080,14767650,0.494041026,8.982134,0.349901,0.22431050004971254
2000,64,7896.88,8279,2650,13643,15384609755,3971221281,300849461,13985591,0.444412326,7.598539,0.286036,0.2581294777210291
2000,64,9556.88,8072,2427,15076,18664380876,4088156992,324180777,14966451,0.510804261,9.263171,0.285191,0.21903523182260204
2000,64,9213.22,9701,2632,14391,18007852671,4186878935,334669147,15515039,0.492604136,8.882829,0.313313,0.23250295365546753
2000,128,48614.83,27661,6042,25014,96608878840,7950772360,1047324784,28966578,1.740293559,48.018451,0.582944,0.08229856774518386
2000,128,15237.75,14969,5265,22390,30040775510,6850931679,886813535,22696664,0.6937929,14.823714,0.403625,0.2280544214552469
2000,128,19866.38,16173,5357,19920,39278580156,5143827294,510073711,17190456,0.856256553,19.435594,0.423032,0.13095756703960834
2000,128,21960.94,19982,5015,17964,43497520978,5165182527,507440325,17542736,0.894502818,21.527593,0.415532,0.11874659545799002
2000,128,12241.2,16417,4657,17639,24022072106,5248051673,553213591,18492287,0.582571886,11.820965,0.409106,0.21846790109705785
3000,1,2489.81,708,8,13051,4523299115,7213662510,356115727,38102581,1.875583759,2.396136,0.095164,1.5947790156256336
3000,1,2489.12,687,11,12952,4524089124,7219321476,357316623,38087382,1.879836696,2.389204,0.101795,1.5957513829031278
3000,1,2465.6,689,5,13061,4516011236,7212162931,355902703,37954829,1.887507281,2.367063,0.100426,1.5970205905395582
3000,1,2478.33,668,11,12925,4525118402,7189315282,351534471,37502169,1.888388915,2.378434,0.101676,1.5887573856238735
3000,1,2486.46,690,10,12971,4516745150,7212618558,355950230,38060168,1.875808159,2.384258,0.10388,1.5968619699519686
3000,2,4034.86,913,15,16700,7182646040,8118647629,524614370,58996736,1.660918793,3.923608,0.113843,1.1303143136648288
3000,2,3096.08,873,12,12550,5234595342,7280595275,368291306,35790236,1.32374521,2.991866,0.106066,1.3908611457668623
3000,2,2947.53,927,19,12350,4616269006,6940588422,296610330,29896278,1.31508766,2.83574,0.113949,1.503506059326041
3000,2,3238.17,902,18,12628,5480515779,7573840058,422719568,48900290,1.360262899,3.133268,0.10677,1.3819575316288857
3000,2,3224.26,894,19,13440,5439798415,7364785236,381923101,40947842,1.370075302,3.126068,0.099938,1.3538709845739751
3000,4,3899.74,2124,24,12534,6091694968,7152207673,342778782,37292601,0.909953854,3.768814,0.133596,1.1740915641001282
3000,4,3958.36,1998,24,12682,6298749295,7260596443,356923469,41138821,0.918404766,3.827779,0.133887,1.1527044660697199
3000,4,4951.65,1902,34,13607,7959649004,7590478685,426115526,43724416,1.162439497,4.827097,0.128508,0.9536197740862092
3000,4,4243.42,1886,33,12600,6083822328,7138251088,335005574,35665562,1.037228745,4.088867,0.15849,1.1733168233968847
3000,4,4493.2,1886,23,13143,7594616881,7462870542,401202821,42459623,1.081423056,4.375073,0.120002,0.982652668190597
3000,8,3848.55,3102,29,10737,6693488164,6775583056,272021462,21134773,0.574377625,3.743359,0.108806,1.0122648893952686
3000,8,4925.87,2901,29,12926,8601465134,7258048735,357499052,36158364,0.725640679,4.773575,0.15865,0.8438153991126787
3000,8,3811.18,2888,27,10669,6738838883,6763975425,270139597,22045403,0.577086251,3.706335,0.107835,1.003730099863852
3000,8,3922.46,3274,34,10964,6703768970,6777000208,272504397,20814470,0.585844979,3.782725,0.1477,1.0109238904753008
3000,8,3790.77,2992,23,10655,6638545519,6760938800,269854836,20982355,0.578455975,3.648087,0.148451,1.018436761584251
3000,16,5277.65,4874,46,12037,9618058443,7129212056,330813412,19880403,0.507154254,5.141685,0.139855,0.7412319334770339
3000,16,5222.34,5198,35,11402,10015518905,6979979171,299716648,16491093,0.485974971,5.077971,0.148881,0.6969163791918378
3000,16,4960.5,5360,50,11380,9298345869,6946393710,296027690,16496511,0.464278598,4.806225,0.158734,0.747056929034955
3000,16,5747.76,5311,34,11639,8206201843,6943171784,293800277,17063106,0.634674368,5.534349,0.223296,0.8460883508395078
3000,16,4940.86,4727,34,11907,9100352534,7022498129,310472634,17839884,0.484247581,4.811404,0.134379,0.7716731964792695
3000,32,10348.28,8524,630,13151,20162997937,7179755502,345263578,13782558,0.538396738,10.107539,0.222243,0.35608571326711436
3000,32,9658.97,7913,537,13910,18816839970,7185865099,346605719,13610030,0.499324485,9.433358,0.205269,0.3818847963024899
3000,32,9126.4,7236,565,13397,17736249221,7230473978,348954849,14371202,0.484242192,8.932602,0.176715,0.40766646250318833
3000,32,9602.12,7146,816,13252,18724856603,7310480916,363795341,14593702,0.496279569,9.334172,0.247128,0.39041585583244215
3000,32,10031.69,9086,469,12903,19450306550,7062395423,322403598,12897766,0.517530364,9.734697,0.280827,0.3630994403530365
3000,64,11316.88,11523,3366,16391,22169351715,7412272432,387683359,15032117,0.56023126,10.99434,0.308553,0.3343477304744452
3000,64,11850.79,8952,2510,16754,23231626528,7397383970,386381840,15178745,0.586574382,11.527859,0.312375,0.31841868502337867
3000,64,13057.77,14770,3568,16181,25627869569,7597466699,422431256,15277285,0.615820778,12.696498,0.33856,0.29645330754258453
3000,64,12768.43,12899,3376,17415,25038385789,7691228613,442400800,16396232,0.617358685,12.442276,0.30562,0.3071774945004223
3000,64,11329.34,10306,2969,16543,22223002270,7447645592,394624245,15665288,0.572583533,11.012991,0.299851,0.33513228777616466
3000,128,18861.11,17519,5585,23008,37243640161,9952771297,902086035,22784570,0.804117579,18.291383,0.562181,0.2672341171264492
3000,128,13754.56,20272,5386,18575,27045263690,8369379731,584244566,18445005,0.639131916,13.285199,0.452142,0.30945824107807024
3000,128,15900.24,18263,6167,18290,31364263194,8130314453,530133970,17882850,0.70605916,15.431272,0.456889,0.2592222365534585
3000,128,13343.91,23057,5992,17150,26266159073,7597685930,420280077,15595863,0.623063805,12.843995,0.479676,0.28925759220768427
3000,128,14409.13,19236,5567,18959,28427786055,8446403638,595929813,19468817,0.650623226,13.943444,0.447761,0.2971178839484199
4000,1,3412.19,769,14,14300,6596941410,11797088612,412174163,34242572,2.925094998,3.309863,0.103995,1.7882663917732142
4000,1,3587.82,715,7,14279,6727903092,11816845379,428787126,37350660,2.999406795,3.475155,0.114005,1.756393517773933
4000,1,3546.2,762,12,14263,6639916752,11842191927,419992312,36061259,2.959888052,3.442395,0.105042,1.7834849997830213
4000,1,3566.02,702,7,14250,6685934739,11782409650,422251867,36738516,2.994955107,3.472879,0.09424,1.762268121055915
4000,1,3578.95,773,9,14249,6694453666,11787585429,423224789,36766054,2.989928808,3.488292,0.091928,1.760798717431888
4000,2,5289.67,1106,25,14532,9227128117,12782791351,612514448,62984868,2.247225751,5.178289,0.113896,1.3853488527431488
4000,2,4856.59,1174,20,14995,8286035846,12272558369,514319747,50583367,1.979237498,4.745627,0.113229,1.4811133571096549
4000,2,4382.35,1084,11,14468,7785172393,12324784841,524303235,51093114,1.881181882,4.273964,0.111363,1.58311007371934
4000,2,5035.44,1165,17,17088,8799005264,12790142771,612067632,65236458,2.128750635,4.924855,0.112927,1.453589626014798
4000,2,4433.54,970,17,14527,7746950069,12485361337,546456273,61517765,1.921710493,4.323778,0.111864,1.611648613428026
4000,4,5908.48,2225,20,14114,9291161980,12145765057,500311254,41752540,1.367361024,5.759417,0.153186,1.3072385438059062
4000,4,7299.43,2385,21,17605,11623453402,12796554911,604839984,62540759,1.580497813,7.155121,0.148334,1.100925384946108
4000,4,6411.09,2283,31,14187,10423856771,12609021074,577049544,56289538,1.46001953,6.249168,0.16809,1.209631075234965
4000,4,5431.33,1970,23,13790,8769128882,12092765351,477098942,47070150,1.293935748,5.307559,0.126442,1.379015579965107
4000,4,5187.37,2061,28,13483,8139439741,11781876763,417383294,37394509,1.248708619,5.072085,0.117584,1.4475046364250737
4000,8,6519.58,2922,27,14520,12111288164,12363858721,525750355,51063622,0.90696729,6.375617,0.146991,1.0208541447928512
4000,8,7968.79,3114,33,16115,14955832675,12650883909,590016055,47810671,1.059679312,7.816388,0.155485,0.8458829530867294
4000,8,5869.45,3235,16,16047,10757301560,12156059583,494246167,39716866,0.805061022,5.714802,0.159269,1.1300287079615903
4000,8,5411.61,3077,22,15507,9836931097,12095413022,497989233,40768309,0.76107251,5.279529,0.135165,1.2295921261142895
4000,8,8166.86,3206,34,16688,14861407401,12743051821,614051953,50269813,1.099425122,8.026984,0.142875,0.8574592888249966
4000,16,5608.53,5726,33,12445,10765174486,11597171136,371857361,15758752,0.532738422,5.477301,0.135636,1.0772859419122285
4000,16,6262.86,5735,38,12691,11999144584,11651650815,379158730,17769335,0.559548491,6.109346,0.158788,0.9710401215213826
4000,16,6971.74,5506,49,12521,13371131360,11713845869,392709713,20353564,0.596275857,6.828645,0.147294,0.8760549540364398
4000,16,6696.51,5200,45,12011,11719707176,11469407103,376337409,17413213,0.630345396,6.550553,0.152128,0.9786428048720729
4000,16,5888.87,5567,38,12589,11084546009,11700205669,394142044,18264937,0.531731872,5.745081,0.151106,1.0555421628905794
4000,32,11579.6,9175,639,14240,22519055831,11910296839,425751946,15616037,0.570371112,11.356826,0.212481,0.5288985883060046
4000,32,10478.06,8990,603,14149,20377689482,11934921199,432662749,15838900,0.55467183,10.204422,0.26191,0.5856856936377572
4000,32,11226.9,10118,613,14182,20826490589,11853513553,416958751,17861195,0.637096993,10.95347,0.26225,0.5691555906812601
4000,32,11081.14,10462,610,14433,21474876670,11764595377,429051704,14382863,0.58439199,10.800699,0.26917,0.5478306375298033
4000,32,10539.14,9867,498,13821,20488143813,11574359904,392485550,13538650,0.541771789,10.278155,0.253384,0.5649296495398434
4000,64,12239.46,15119,3845,16989,24014899801,11991832822,470844173,15685276,0.598835252,11.84252,0.373773,0.49934969212324803
4000,64,14871.42,15735,3848,17628,29306115584,12074021632,482726676,15895652,0.672394814,14.489692,0.358933,0.41199665637679894
4000,64,11835.77,13884,3817,17951,23170643460,11924344709,456824544,15231851,0.580550603,11.438755,0.377177,0.5146315737664025
4000,64,13264.57,13052,3507,18286,26052541516,12203173024,512111591,16460309,0.639298246,12.881625,0.362142,0.4684062403856261
4000,64,15057.43,15294,3920,19300,29663288596,12380897606,513849903,17279887,0.682189832,14.622044,0.413294,0.4173811533381206
4000,128,22886.57,19220,5308,23423,45286185259,13284940803,699315727,20680159,0.927471688,22.365463,0.505174,0.2933552633550604
4000,128,32478.51,26227,6122,20152,64477983058,13706222121,773339520,21189578,1.230040385,32.006294,0.452325,0.21257212882528934
4000,128,32168.59,30930,6426,22507,63700452088,14059229292,830303382,21411194,1.225970472,31.605815,0.541099,0.2207084695816233
4000,128,20030.3,16766,5576,21943,39652918214,12704973867,604902951,18472638,0.843882925,19.51922,0.496327,0.3204045109223345
4000,128,16572.5,26026,6207,20927,32696727122,12545177905,573388232,18053216,0.724307677,16.023715,0.522816,0.38368298631819253
5000,1,4786.64,764,10,15277,9103192951,17672804257,520197264,37636628,4.173677039,4.685106,0.103266,1.941385220782189
5000,1,4771.76,748,17,15376,9088904862,17662441386,518494003,37083003,4.169184501,4.638001,0.136675,1.9432969817788814
5000,1,4674.41,753,4,15315,8990836607,17608999176,508410827,34974740,4.140919872,4.592066,0.084092,1.958549570602824
5000,1,4741.07,793,14,15405,9061698668,17641962716,513955106,36656789,4.156342488,4.640671,0.102102,1.9468714820875568
5000,1,4694.03,769,10,15269,9007845890,17616180596,509721090,35206898,4.138363483,4.56102,0.134705,1.9556485325261266
5000,2,5610.65,1052,18,17815,10043660431,18459372668,684007621,58214777,2.417631604,5.501063,0.111223,1.8379128600390253
5000,2,6419.28,1041,15,18226,11502346227,18557474981,695746841,57763348,2.825554304,6.303415,0.11797,1.6133643184413249
5000,2,5210.09,1102,15,14647,9134718115,17202116788,455099503,21759360,2.374800645,5.095672,0.116946,1.8831579224927184
5000,2,5808.74,1091,14,17096,10245836626,18534681941,684873088,59291016,2.507688937,5.683201,0.128094,1.8089964360710273
5000,2,5098.34,1072,12,13312,9009421003,17065047654,420195313,19093513,2.39019117,4.989788,0.110884,1.894133668336467
5000,4,8289.12,2655,34,17310,12019835766,18011630337,589643139,39976073,1.879109925,8.09734,0.19864,1.4984922163369931
5000,4,7210.81,2670,27,16345,10959815089,17966403096,574678852,41933048,1.639829584,7.043124,0.172125,1.63929801279515
5000,4,7799.29,2290,44,18452,12293760349,18102258413,605466822,47452747,1.816511296,7.639023,0.163828,1.4724752963378267
5000,4,9004.78,2851,29,17749,13266870199,18183216165,621820069,49732953,1.945875982,8.807471,0.201124,1.3705731564608639
5000,4,6938.67,2407,45,14262,10629268469,17626134543,518344260,40189245,1.635307432,6.789287,0.152455,1.6582641217884548
5000,8,8086.27,3883,30,14738,14788394500,17979928828,588739067,48268467,1.073715702,7.960129,0.130051,1.215813442628948
5000,8,8209.39,3677,34,15252,15478194888,18138379323,632214014,53950068,1.088864832,8.082031,0.131,1.1718665809707822
5000,8,10532.8,3825,20,19542,19274540922,18964461669,761343783,61922761,1.353843363,10.388984,0.148613,0.9839124960612642
5000,8,8546.87,3668,32,18189,15599438210,18189297572,689780873,57089396,1.109522658,8.400849,0.150086,1.1660226046050668
5000,8,7595.89,4492,26,15297,13665025995,17720132231,553784505,40869431,1.003947542,7.441686,0.158355,1.2967507151090494
5000,16,7761.65,6683,49,13393,14715783548,17266800322,462749648,16489522,0.668949306,7.592155,0.180789,1.1733524256917127
5000,16,7892.99,7063,63,13664,15155135482,17639808761,493099894,20266711,0.672662164,7.745878,0.152351,1.1639492620802425
5000,16,9716.84,6737,32,19947,18822407534,18117974810,674093751,33657036,0.760868353,9.501593,0.225108,0.9625747810035702
5000,16,7940.86,6920,46,13803,15292286073,17709788634,507049508,21032637,0.676386068,7.7796,0.168207,1.1580864070590684
5000,16,8317.3,6754,46,13324,15791418206,17359335231,479941997,20896734,0.698174361,8.161444,0.162451,1.0992891838178451
5000,32,12266.68,12832,379,14979,22383132026,17359046625,478093665,15569964,0.67938472,12.009656,0.261646,0.7755414481242358
5000,32,11892.86,11471,571,15986,22408685715,17837715621,532633829,19195571,0.65834527,11.613948,0.279345,0.7960179301840862
5000,32,13927.5,12454,511,14898,27265538099,17579926167,517240700,14371930,0.659758199,13.64263,0.267541,0.6447672553964657
5000,32,12804.25,10421,597,14918,24926618824,17643465907,532532869,15484864,0.629664368,12.525847,0.26625,0.7078162518380716
5000,32,12461.2,11107,661,15326,23290801468,17914690693,540759373,19964482,0.699472748,12.156117,0.299691,0.7691745051201259
5000,64,14943.0,20298,5539,18757,29350668240,18183860829,590702351,17045771,0.707523505,14.510218,0.39565,0.6195382224455956
5000,64,16209.69,18298,5287,19941,31946763818,18180482917,630176926,18704103,0.715841851,15.706253,0.472203,0.5690868414896045
5000,64,15439.24,19785,5492,18613,30342579053,18166017095,586895366,16659792,0.702428456,15.007125,0.399211,0.5986971991823453
5000,64,15996.77,17299,4771,19024,31375583942,18174694013,621864735,18454840,0.705627705,15.587504,0.381333,0.5792623348970083
5000,64,15203.77,17706,4510,19169,29916446165,18207821318,596598182,17312930,0.700039034,14.787629,0.38928,0.6086224686440793
5000,128,25601.29,25209,6800,26493,50706498765,21782831152,1362789429,31513380,1.009738459,25.048913,0.533104,0.429586575341217
5000,128,17626.66,25898,7130,21683,34834271642,18624747699,721545144,20634407,0.777124038,17.084783,0.520115,0.5346673497413958
5000,128,21032.93,27924,7406,21743,41565080666,18370974280,661699347,17954661,0.878983757,20.490357,0.524292,0.4419809605957857
5000,128,32367.25,35124,7993,25010,64208545615,19838426754,917269101,22520830,1.238191757,31.741406,0.601071,0.30896863593442725
5000,128,24683.55,23653,6777,27484,48785426160,21059427823,1194959770,27520548,0.991645364,24.087718,0.579717,0.43167456924393915
6000,1,6078.55,780,14,16731,11767360836,24602278957,615513908,33750940,5.532744472,5.956982,0.122917,2.0907218959185827
6000,1,6204.44,971,11,16427,11908760420,24633057717,632854223,36531115,5.582279457,6.089385,0.117833,2.0684820962247557
6000,1,6109.94,765,10,16404,11801434270,24641924144,623699463,34226666,5.533634925,6.005357,0.105988,2.088044857957761
6000,1,6175.54,842,11,16592,11866899218,24676022713,629436455,36110346,5.572222858,6.067227,0.109949,2.079399366227937
6000,1,6150.05,838,13,16564,11876886540,24680290382,630312893,36017065,5.550564783,6.028467,0.123804,2.078010116445888
6000,2,6721.41,1101,15,16793,12236075139,25203638571,728223845,49221424,3.064612738,6.610353,0.112835,2.0597812848229844
6000,2,5675.65,1049,18,15078,10076292595,23841496980,537728304,19216585,2.692443739,5.546243,0.130911,2.3660981214291543
6000,2,8109.13,1004,20,17029,15227225044,25735632845,843445995,62555564,3.650195132,7.994952,0.116202,1.6901065539279359
6000,2,6742.78,1166,16,14681,12227920441,24209027183,544602651,19769355,3.197284071,6.627574,0.11892,1.9798155622461822
6000,2,5759.36,1104,19,15507,10198215614,23913129382,551093475,20370730,2.704858349,5.648437,0.111988,2.3448346541303082
6000,4,9470.67,2662,29,18463,14502124525,25140103623,734023067,46373471,2.183463427,9.279192,0.199477,1.7335462524584824
6000,4,9816.65,2542,39,17780,15385953015,25113475230,708647003,43830430,2.223452378,9.668335,0.152351,1.6322339737757219
6000,4,8444.22,2525,29,14979,12535217433,24477234264,603044976,26012960,2.009249796,8.288979,0.158769,1.9526772786215618
6000,4,10328.25,2754,35,19168,15536088208,25239007995,746182445,51967325,2.297897639,10.183051,0.148839,1.6245407246081207
6000,4,9609.9,2192,35,18308,15002305585,25185922716,739613654,49648278,2.213086952,9.441772,0.171904,1.6788034727930121
6000,8,6746.43,4590,28,13359,11782428984,24280485391,555767515,24528766,0.935277348,6.61272,0.138637,2.0607368331242895
6000,8,8821.94,3717,23,15280,16308282402,24795430591,631083371,36988471,1.2222911,8.68564,0.139411,1.5204195009499688
6000,8,9539.17,4252,27,16131,16689176272,24918511655,692656337,43653046,1.26330836,9.383288,0.160936,1.4930941616817024
6000,8,9737.94,4360,34,16284,17088020500,24834261912,672522976,45668123,1.246060635,9.585138,0.15787,1.4533141455442424
6000,8,8448.99,4035,43,14419,14185967188,24866389432,670667244,40039413,1.085298186,8.316431,0.137023,1.752886433646529
6000,16,11511.16,5883,47,16180,19718804905,24962847214,688848952,32978893,0.985284211,11.315667,0.209438,1.2659411832646255
6000,16,10621.82,6926,40,16914,20659703980,25004457078,674033657,32026923,0.86736554,10.466257,0.160897,1.2103008398477546
6000,16,17835.1,6405,41,21050,34410684691,25514439744,785214836,50709169,1.346745498,17.595214,0.249442,0.7414685285432061
6000,16,14369.84,6339,38,16496,28042677124,25269748822,772038830,53705420,1.078147433,14.195163,0.181091,0.9011175612892244
6000,16,11376.21,7178,49,18600,22052483174,25278174147,714083087,32635439,0.880858216,11.194871,0.188165,1.146273367382187
6000,32,14191.62,12511,479,16181,26848924299,25032554214,645813538,19428084,0.75740787,13.911629,0.27385,0.9323484969165915
6000,32,14341.8,12895,493,17334,26898690059,25048834627,650539013,19437257,0.764721807,14.052169,0.291143,0.9312287911440111
6000,32,14808.73,13028,607,16527,28975076475,25133420900,670684138,16653392,0.694381864,14.490123,0.30561,0.867415170471953
6000,32,15961.3,13728,457,16151,31299391737,25013961111,643622188,15069322,0.734674095,15.672376,0.276928,0.7991836174065391
6000,32,14614.81,13868,474,16285,28575350540,24724368167,637564070,14837705,0.677310041,14.342652,0.261975,0.8652341161096392
6000,64,17021.03,21138,5575,19739,33578559244,25119329938,708896755,17315007,0.762194391,16.591808,0.393947,0.7480764661601275
6000,64,17967.72,20559,5503,19962,35443430026,25110834719,739045581,18533754,0.770265634,17.509796,0.423915,0.7084764285109995
6000,64,18062.99,16468,4694,20364,35569646397,25344643698,756058452,19709105,0.78971149,17.689431,0.346969,0.7125357225968265
6000,64,18681.6,21178,5929,20644,36853801914,25166145537,747029979,19052236,0.809444522,18.213714,0.430898,0.6828642970330803
6000,64,17741.46,21289,5889,20570,35014942470,25495934334,732643836,18572277,0.772068038,17.248909,0.456024,0.7281444016606433
6000,128,24282.53,28044,7402,24921,47982410331,26706776386,987209603,23708151,0.964663259,23.709741,0.555171,0.5565951397974176
6000,128,33533.37,35635,8211,23487,66436675631,26581011543,971337187,22169450,1.259203193,32.912959,0.595107,0.4000954486439873
6000,128,31646.79,31690,7683,23324,62583909951,27305060270,1124791908,26744001,1.254631789,30.989938,0.638225,0.4362952121620152
6000,128,22184.79,29946,7656,22256,43975619249,26239448277,878120957,21265421,0.90688791,21.621797,0.540344,0.5966817233073228
6000,128,36530.78,35237,7698,27034,72505343482,26475311885,1012441705,24363270,1.382834348,35.883086,0.616001,0.3651498029462159
7000,1,8162.56,912,23,22685,15802449831,33632204342,920072318,40637072,7.13407032,8.020898,0.143105,2.128290531005072
7000,1,8029.06,886,20,21462,15527713605,33422632410,882370698,36812848,7.099479707,7.880893,0.150825,2.1524503388082676
7000,1,7975.17,864,12,23389,15438750840,33197408483,926921961,40905733,6.929947041,7.843636,0.133095,2.1502651883589827
7000,1,7986.48,900,7,23427,15432755258,33184277241,924203046,40861052,6.943514343,7.850327,0.137145,2.150249692050161
7000,1,8062.0,881,12,21520,15568299148,33432886980,884142123,37291285,7.118021508,7.912844,0.151997,2.1474977235580033
7000,2,7629.36,1207,17,21281,13851898628,33841947018,917032378,43769959,3.360647292,7.500535,0.131131,2.4431269623640217
7000,2,8594.11,1155,27,27065,15962418386,34111858092,1039009369,57053672,3.747416855,8.446117,0.150037,2.137010650085337
7000,2,8606.24,1248,18,23226,16049626688,34650995522,1023660869,59091373,3.74312712,8.459284,0.148881,2.158990747610839
7000,2,8746.49,1133,24,14950,16177097299,32678705687,690021823,21179697,4.158331441,8.641267,0.108078,2.020059908338442
7000,2,8512.12,1113,22,14927,16059209422,32554827853,665799305,19109029,4.105918392,8.409926,0.104812,2.0271749995614448
7000,4,10622.71,2346,29,17909,16767516330,32764456059,706421521,21734137,2.588005372,10.485249,0.140963,1.9540434858786269
7000,4,11709.29,2751,43,16418,17317291092,33162545333,763187112,28277185,2.638805258,11.569214,0.14599,1.914996124787668
7000,4,11303.15,2913,45,17069,16703445759,32725322978,698902929,21578555,2.639703591,11.150046,0.156505,1.959195931795524
7000,4,11246.34,2809,48,17646,16915801603,32759899989,705484356,22687011,2.627887695,11.073317,0.175798,1.9366448459167354
7000,4,10944.46,2934,39,17266,15304470905,32600247169,724168759,24208914,2.499778742,10.751197,0.198966,2.13011265605722
7000,8,13020.14,4561,35,33007,23772392565,34767641840,1122557790,62883293,1.580498728,12.800291,0.22504,1.4625217779378363
7000,8,11269.38,3970,35,25172,20520287883,33734521094,1001560761,52298403,1.524256985,11.051662,0.221313,1.6439594457126165
7000,8,11283.58,4221,41,27175,20793784670,34054865056,1028722045,52813019,1.408155089,11.07987,0.207165,1.6377425079876045
7000,8,8118.71,4253,34,19267,15113910542,33432194096,836353258,31318836,1.088814566,7.948399,0.173441,2.2120148192683406
7000,8,12133.67,4285,35,25887,22501512933,35403808919,1186766682,63212038,1.498031573,11.938924,0.199764,1.573396821112322
7000,16,10909.32,6715,65,16201,21269203038,33312739751,811305231,30106174,0.871704548,10.737035,0.178303,1.5662429707160521
7000,16,13007.61,7045,36,19935,25279911853,33711938002,924160009,35721125,0.989052441,12.78515,0.229804,1.333546501191592
7000,16,13554.18,6701,47,19550,24563730357,33842591748,854417251,33207235,1.133727351,13.373875,0.186579,1.3777464276046238
7000,16,16597.87,6768,55,20596,32386469876,34691464000,1081523694,55682238,1.1887384,16.414895,0.187393,1.0711715149204364
7000,16,16370.08,6085,37,21805,31356743926,34152169240,927212259,55663806,1.288091087,16.138985,0.240374,1.0891490940703867
7000,32,16904.09,14614,482,17762,33161864260,33702608905,798390804,16544250,0.783218632,16.613016,0.281458,1.0163062197215567
7000,32,17384.31,14667,490,17370,34189327584,33704106814,797933663,16457652,0.767617975,17.072111,0.30016,0.9858078293933141
7000,32,17618.69,14233,361,17264,31499365273,33508198225,752107439,18052003,0.923965602,17.292975,0.330515,1.063773759711974
7000,32,17777.24,13521,477,17458,32825930303,33689497085,787174783,19721465,0.929176522,17.457227,0.314364,1.026307457976936
7000,32,17772.59,12684,717,18114,32854526607,33976915948,843847662,22223222,0.902063044,17.468929,0.294408,1.0341623957765644
7000,64,19973.1,20883,6079,21633,39488566900,34279819856,898862884,20414131,0.846202488,19.478033,0.461179,0.8680948068540821
7000,64,20336.71,23457,6412,20234,40212529393,34030469991,845925150,17746751,0.850761652,19.885038,0.416701,0.8462653432818841
7000,64,20910.09,23139,6463,21087,41339125798,34226510183,886720696,19580242,0.878091255,20.420239,0.452894,0.8279447018363385
7000,64,19675.49,22596,6516,20962,38750043326,34085721738,866022056,18685771,0.838147451,19.184937,0.454324,0.8796305452161806
7000,64,20232.46,23495,7038,21343,39894307671,34207352631,885222831,20060553,0.960263296,19.730188,0.46398,0.8574494615397483
7000,128,25242.68,31623,7994,26211,49948303165,35233840489,1106400949,25635357,1.02304111,24.643467,0.578025,0.7054061550921557
7000,128,26622.93,28102,7332,27872,52717697630,35794868481,1265821834,27062647,1.062439638,26.047384,0.554561,0.6789914979259309
7000,128,25974.6,32346,8338,23742,51545508087,35735718607,1197317074,24295101,1.024445792,25.438272,0.515877,0.6932848260353592
7000,128,67621.01,49662,9161,30916,134446640138,37416486498,1512122737,32279220,2.354794044,66.82615,0.767714,0.2782998999424204
7000,128,25454.1,31395,7875,23583,50378782764,34223267998,1027053312,22273211,1.01114104,24.816729,0.612486,0.6793190728390422
8000,1,9930.54,1135,19,26663,19296824581,42865348178,1147100214,43715933,8.715632971,9.763139,0.169932,2.221367976791684
8000,1,10020.36,968,17,27083,19435473192,42993044787,1172756354,46338719,8.7399392,9.852261,0.169055,2.2120914866480703
8000,1,10014.44,931,13,23903,19488014892,42984360413,1072200102,39171000,8.990267143,9.876408,0.141034,2.205681833229995
8000,1,9988.77,1091,15,27655,19302163856,42864435925,1146881916,44300458,8.734362182,9.807173,0.184022,2.220706250593545
8000,1,9688.57,896,13,23368,18862044948,42400945129,1055295363,38191411,8.730936802,9.53018,0.1608,2.247950593156438
8000,2,8077.02,1153,19,16932,15073429809,42536294187,872917650,24806244,3.820792452,7.94435,0.134954,2.8219386513879243
8000,2,9415.88,1108,15,16521,17645344467,41832931465,826327839,20522867,4.545056619,9.301746,0.116059,2.37076309523088
8000,2,10490.08,1154,14,18183,19960926283,43276337708,900676595,34149472,5.019743911,10.368199,0.12405,2.1680525790457374
8000,2,10364.12,1205,9,17376,19559661923,42142427580,875434368,24141622,4.960903488,10.212273,0.154761,2.1545580770210124
8000,2,11046.04,1181,17,18816,20898207922,42744121815,919368197,31440126,5.256672103,10.914517,0.133969,2.0453486717395672
8000,4,13028.84,2868,43,22649,19586654754,42643824413,962971342,30493979,2.89951411,12.814814,0.219791,2.177187730553695
8000,4,13428.0,2896,53,18533,20324073391,42490998444,886994550,25011392,3.04865705,13.247447,0.183909,2.0906733422255828
8000,4,13160.94,2707,38,21059,20984941632,42955309916,939757970,27677894,3.072818516,12.995467,0.171045,2.0469587511502687
8000,4,13628.9,2892,37,18655,19990815844,42418517946,898346518,26054641,3.110501482,13.44195,0.190041,2.1219002904642035
8000,4,13328.53,2631,31,19208,20976897951,42367195929,901700191,25141728,3.082321672,13.149072,0.183721,2.0197073956294997
8000,8,13214.66,3887,23,21587,24758619070,43565440176,1012455391,46035603,1.738184666,13.051251,0.168016,1.7596070302962983
8000,8,13921.92,4679,30,26172,25885066927,44273211601,1178705525,57196379,1.745912994,13.711575,0.215244,1.7103765551720413
8000,8,13780.57,4775,31,26551,25096447579,44942191572,1267526401,61973505,1.688069185,13.590528,0.194935,1.7907790108750834
8000,8,15540.56,4484,49,34523,26907417500,46344411659,1597217031,81763062,1.857922318,15.306696,0.24001,1.722365650995678
8000,8,14781.54,4448,33,30224,25430937612,46532420196,1610614925,74082668,1.674489165,14.560854,0.227731,1.8297563741433946
8000,16,15301.71,7314,58,25532,29890239671,43476810781,1198327472,39065211,1.157193391,15.089452,0.218789,1.454548751015266
8000,16,14040.01,6856,46,20127,27325672108,43730090232,1106708405,45184586,1.061226978,13.850371,0.195216,1.6003299043904344
8000,16,15547.15,7045,42,22686,30312950426,43340058567,1118342309,40329255,1.159768649,15.347979,0.205414,1.4297538826780252
8000,16,13812.13,7380,49,16727,26968679556,42790231617,921919726,24465255,1.085792145,13.644316,0.17313,1.5866639494954442
8000,16,15783.36,7403,60,25885,30907645155,44328165690,1163948502,41969319,1.17984479,15.569314,0.221374,1.4342136215068113
8000,32,20723.5,14298,344,18253,40782702686,42974090661,951954058,16779091,0.893258738,20.345438,0.376841,1.0537332700059692
8000,32,19471.71,13041,566,18877,36916287499,43773749864,964480021,21307632,0.999537424,19.13472,0.334533,1.1857570961106465
8000,32,21213.6,14375,386,18778,41782394418,42958191435,948788959,16338806,0.904376207,20.919866,0.282944,1.0281409678257563
8000,32,20557.12,13027,554,18235,39257059253,42670764234,977623008,18298458,0.974625717,20.216669,0.327816,1.0869577356520694
8000,32,21015.13,13875,607,18649,41410725587,43976940364,1002245838,18717960,0.894322274,20.705709,0.289569,1.0619698095269696
8000,64,25597.52,23282,6311,22419,50702010438,43640315041,1075773297,20857754,1.019012734,25.088133,0.47824,0.8607215900119924
8000,64,24352.96,24404,6547,22062,48149887730,43424897263,1033481206,18788261,0.996101514,23.806338,0.50459,0.9018691280549742
8000,64,23748.49,23944,6834,22204,46921225382,44365409914,1077329197,21033146,0.96143303,23.24652,0.463066,0.9455296521522546
8000,64,25754.25,22456,6204,22862,50983695538,43669096584,1080952658,20975672,1.021548297,25.36273,0.354772,0.8565306246082502
8000,64,24152.54,24390,6711,22370,47807071669,44327272091,1071249097,21041114,0.97892272,23.631815,0.48132,0.9272116141709545
8000,128,26305.0,32140,8389,25953,52083448648,43964303077,1139194693,21861589,1.053609182,25.696787,0.585019,0.844112750177656
8000,128,29509.31,31719,7766,25396,58514107444,44031194678,1143408947,22738078,1.154429832,28.897187,0.590002,0.7524885297129305
8000,128,29646.97,36973,9003,26129,58656374275,44303483913,1194788378,23336685,1.149691768,28.987502,0.631253,0.7553055309094111
8000,128,31097.5,27180,6937,32184,61667473975,46113669371,1491951121,32002460,1.198629585,30.534487,0.5446,0.7477794434987638
8000,128,28798.82,31539,7802,26862,57123331145,44662082449,1322246031,28405585,1.129292773,28.201559,0.575868,0.7818536061146579
9000,1,12118.08,997,6,19778,23701768879,53653542252,1104385126,32702210,11.476727461,12.004654,0.115996,2.2636935886898115
9000,1,10868.55,959,10,19055,21161882840,54430824711,1124289732,35194137,10.194692391,10.720558,0.150867,2.572116343452925
9000,1,12390.4,1044,10,23212,24177346867,54171443235,1211662125,38470835,11.474894861,12.251076,0.14207,2.2405867580507506
9000,1,12146.32,1048,6,19685,23748075570,53500798491,1106033592,32908325,11.512207428,12.013465,0.136016,2.252847744790969
9000,1,10696.97,973,14,17678,20955329284,53092823307,1023905755,21751818,10.191539669,10.574877,0.125045,2.5336191375211605
9000,2,10874.03,1179,26,17331,20628127762,52816501589,1036069659,25707438,5.22888523,10.747227,0.129207,2.560411792983736
9000,2,11782.98,1161,19,17717,22486196527,53430593875,1027786800,24606762,5.697334294,11.651372,0.133923,2.376150800374084
9000,2,12357.73,1244,15,18765,23486873082,53226106360,1039505100,23801081,5.9722599,12.207561,0.151894,2.2662065816156565
9000,2,13678.14,1372,18,20236,26063942010,53968356344,1089254637,29086405,6.548351485,13.512841,0.168072,2.070613736145279
9000,2,13510.47,1234,17,17949,25734540659,53386515234,1019202795,23182001,6.504253899,13.378163,0.13491,2.074508184987923
9000,4,15960.96,3125,36,19754,25163619284,53569036290,1081921475,28558046,3.644730834,15.793915,0.172086,2.1288287541395627
9000,4,14787.2,2834,32,19646,22848388133,53310840870,1055243676,25174613,3.509145357,14.600736,0.191891,2.333242964872563
9000,4,17313.25,3588,47,19092,26212096499,53342032402,1075644675,28195055,3.801429584,17.125804,0.191997,2.035015871547513
9000,4,17195.7,3383,49,18855,26738602943,53669078296,1074627106,27598170,3.868138339,17.019721,0.18106,2.00717585770689
9000,4,16844.17,3360,49,19678,26454432278,53495746370,1040647411,24454385,3.763333953,16.636729,0.214906,2.022184630833604
9000,8,18300.41,5899,38,28414,32005364045,56124878216,1419462449,64233789,2.148091116,18.081996,0.224558,1.753608493160322
9000,8,15873.02,4603,41,24268,28812137008,53522096095,1211272501,47389290,2.053442602,15.683805,0.194084,1.8576232675882047
9000,8,17487.49,5161,53,21969,29249216166,54347599716,1198078561,47626588,2.261774888,17.282005,0.211465,1.858087389677641
9000,8,15884.34,5474,39,24224,29925201848,55307847700,1281901551,49828670,2.010207402,15.686875,0.202675,1.848202995619774
9000,8,17414.0,5347,45,19646,29588832855,53180960586,1113854654,31542986,2.15810755,17.217698,0.202713,1.7973321504978976
9000,16,20515.3,9001,63,28822,37058552279,55543861309,1369252168,41468285,1.57988482,20.248817,0.275092,1.4988135772501583
9000,16,17959.24,8210,54,29620,34823142060,55540272146,1371430790,45455193,1.387776418,17.682352,0.284731,1.59492420443579
9000,16,13289.22,7934,30,17829,25893653050,53765231780,1092337588,24049701,1.066865644,13.09275,0.203347,2.076386505842983
9000,16,17090.73,7871,58,20939,33132277503,54319861274,1202309622,30623724,1.365973481,16.899772,0.198879,1.639484676810447
9000,16,18388.54,8500,61,29691,35618934013,55965249499,1348640748,42953021,1.392102877,18.147677,0.249093,1.5712219090715662
9000,32,23966.39,17453,440,19681,45020573937,54842068927,1125870315,20429370,1.206340609,23.608896,0.363198,1.2181557037398902
9000,32,22840.78,16285,491,19975,44018978384,53996568572,1132213766,20801122,1.202644572,22.51271,0.32502,1.2266656463709902
9000,32,21993.65,15382,486,20045,41501962718,54965654657,1150265938,22149487,1.119530484,21.659594,0.328496,1.3244109689578754
9000,32,24579.84,16893,442,19564,48482536816,54065973868,1143924077,17272033,1.042776569,24.219572,0.351341,1.1151638800005486
9000,32,24036.06,15897,528,19702,47447096954,54284568309,1186845125,19311127,1.007094556,23.696568,0.325952,1.1441072645946901
9000,64,27357.03,26686,7323,23491,54146674807,54574215580,1236766382,20383319,1.086158852,26.802954,0.510331,1.007895974674787
9000,64,27023.08,28648,8198,23361,53512847058,55549741234,1256767693,22190201,1.167777821,26.4683,0.514362,1.0380636480393635
9000,64,28126.91,28684,7725,23360,55683142498,55446826007,1236425862,21043498,1.111534973,27.597677,0.485474,0.9957560496696377
9000,64,27660.78,27024,7581,23840,54685843437,55558091341,1265895249,22393248,1.100400823,27.125936,0.48749,1.0159501591121085
9000,64,29076.2,28478,7826,23928,57528791475,55581417761,1265044111,22369587,1.238944494,28.469252,0.565601,0.9661495806869806
9000,128,45151.69,42775,9406,31075,89739570521,57102011878,1643216321,28815607,1.620762694,44.414004,0.712679,0.636308058379191
9000,128,34259.12,42526,9854,29478,67846258911,57184907157,1491456251,26509835,1.296724685,33.645068,0.588036,0.8428601381251478
9000,128,49876.18,42474,8969,30787,99123989699,57464057227,1707244000,29532726,1.774076232,49.258399,0.592558,0.5797189701655009
9000,128,49353.32,37811,9240,29182,98079290289,56451119398,1720132959,32491834,1.769395915,48.700863,0.627513,0.5755661488950561
9000,128,33042.39,40961,10135,26687,65591942720,56111027787,1362595455,24577245,1.25116123,32.335424,0.678609,0.8554561042127949
10000,1,15300.49,1110,9,23591,29884944918,66276126837,1408535124,39555450,14.333416748,15.152605,0.150946,2.2177095195876113
10000,1,15320.93,1128,20,25338,29946524778,66318068717,1415827203,40665933,14.357442199,15.172229,0.152022,2.2145497418692166
10000,1,15258.91,1113,12,24718,29762635240,66359322625,1371444285,30949321,14.263547041,15.094174,0.16899,2.2296185163004405
10000,1,15199.31,1128,14,24616,29700830974,66464638086,1371663323,32118007,14.220352918,15.058859,0.144046,2.2378039908776595
10000,1,15304.85,1107,11,24126,29897698745,66283016854,1409773290,39620049,14.348075493,15.139885,0.168998,2.2169939372034433
10000,2,16751.69,1430,18,18865,31754017396,65767570050,1232278671,23989271,8.034951783,16.60499,0.14899,2.0711574611118224
10000,2,16676.24,1383,30,25604,32051466988,66979989644,1411876411,38072047,7.899896052,16.542384,0.137052,2.089763618903221
10000,2,11753.1,1289,21,19027,22274394339,65756220436,1231846184,24474463,5.640294866,11.608371,0.147055,2.952099142865049
10000,2,16550.39,1307,34,18754,31572311286,65713495997,1221538179,25078734,7.994255253,16.411246,0.142967,2.08136475666066
10000,2,16111.29,1433,18,24295,30801681488,67413472134,1411296673,35369529,7.599601581,15.94524,0.169023,2.1886296097264544
10000,4,16707.6,3574,34,20744,26661327672,66028309131,1313373465,34052796,3.665329861,16.508525,0.205558,2.4765574296715767
10000,4,19467.48,3235,27,20713,31727458313,66026182611,1298925107,30153401,4.414334021,19.295123,0.177157,2.0810422933861816
10000,4,20169.08,3355,58,19870,32546864587,66056621346,1285236101,29782099,4.464706536,19.995152,0.178313,2.029584790554129
10000,4,19764.68,3520,42,19587,32380067684,66006163987,1278894586,28163278,4.373107214,19.587394,0.181207,2.038481346955791
10000,4,20174.89,3474,29,19966,32270556823,65953988584,1268601975,27835755,4.521956411,19.979258,0.198972,2.0437821679294053
10000,8,19473.33,5244,48,20683,35608371279,66747111197,1342755455,37427222,2.463752459,19.271738,0.209779,1.8744780735412079
10000,8,18723.0,5603,52,22198,33225631839,66804869253,1424255932,42465688,2.432150994,18.515347,0.21398,2.010642553818493
10000,8,19333.69,5605,42,24341,35827512714,67254646040,1434984241,52378600,2.354205993,19.101797,0.240959,1.8771787641769364
10000,8,17690.55,5953,41,22120,31275560742,65983071219,1383270004,37646385,2.162689247,17.489447,0.206584,2.1097326363965467
10000,8,18857.94,5342,29,27184,33505763481,66255667465,1459647095,41004941,2.285154543,18.652294,0.214049,1.9774409111009028
10000,16,17512.61,8464,48,28351,34193641265,66860423554,1431708729,35436758,1.362419885,17.27369,0.245938,1.9553466984060903
10000,16,21124.16,7852,40,30658,39756692356,67929382100,1577160945,44729925,1.785724498,20.862349,0.273833,1.7086276064348758
10000,16,21517.95,8263,39,28269,41878481519,67472915441,1481613447,39452301,1.61280917,21.293427,0.231721,1.6111595500516886
10000,16,20537.3,7903,47,33265,40009633700,67385306192,1683845906,42798286,1.517782346,20.275707,0.269275,1.6842270213536097
10000,16,19374.9,8083,62,32165,37738095788,68038669708,1546843739,38117190,1.480388054,19.08809,0.29549,1.8029174044768579
10000,32,27315.34,16298,468,30751,52024261304,67473330597,1368222360,22787931,1.3892695,26.899033,0.413106,1.2969589361917988
10000,32,27706.16,17001,453,20161,54805930498,67337558241,1343742355,19044919,1.153752001,27.354332,0.343448,1.2286545932005901
10000,32,31059.78,16485,599,28232,56761584340,66590874422,1384343316,20205071,1.51091877,30.607146,0.441703,1.1731680007929814
10000,32,28106.63,16742,477,20549,55611723758,66510272590,1370865608,19327907,1.165202959,27.795138,0.299994,1.1959757420832005
10000,32,28363.84,17815,587,20964,56042831878,66593434225,1381775059,19509675,1.178611937,27.966785,0.383751,1.1882596220327994
10000,64,32182.51,28706,7375,24259,63802495130,67134635386,1481391370,23610851,1.237653723,31.604324,0.53273,1.052225861217663
10000,64,28688.39,28685,8508,23488,56724223466,66794230287,1421075147,24900799,1.520593739,28.147113,0.49358,1.1775256884219116
10000,64,29485.89,29512,7666,25346,58369688243,67763816459,1463824637,22489320,1.153288429,28.878488,0.561067,1.1609418946507153
10000,64,30549.61,29514,7923,24352,60447947946,67790772938,1427993050,21560558,1.302148007,30.021424,0.482392,1.1214735196397332
10000,64,30112.17,30691,8282,23917,59620860251,67903408295,1455430462,22182617,1.184340771,29.568107,0.500016,1.138920304221224
10000,128,37036.68,38312,9070,26185,73545671105,67490036838,1545570324,24172237,1.373653593,36.350255,0.664998,0.9176615812186354
10000,128,34841.0,41829,10562,28054,69153503666,66868111027,1540991901,25571827,1.316372963,34.081708,0.72947,0.9669518893787642
10000,128,50660.33,47119,10231,32549,100682046161,70079429617,1919976886,29907991,1.81146526,49.880764,0.747337,0.6960469347726251
10000,128,35482.87,39141,9729,32533,70372815939,69259727681,1784189350,31369734,1.338294071,34.833896,0.622677,0.9841829797039124
10000,128,42766.58,38829,9280,27995,84943026033,68389500313,1694569844,26501070,1.567406814,42.099628,0.645116,0.8051220153898329
